experiment,rank,dimension,n,trial,master_seed,sample_sha256,delta,c,B,variance_exact,trace_exact,effective_rank_exact,intrinsic_oracle,ambient_oracle,ambient_ratio,sample_mean_error,meb2_weighted_mean_error,oeb_radius,oeb_general_selfadjoint_radius,variance_hat,tau_upper,tau_prime_upper,sigma_squared_upper,empirical_trace_variance_ratio,meb1_radius,meb2_radius,oeb_ratio,oeb_covered,meb1_ratio,meb1_covered,meb2_ratio,meb2_covered,commutator_nonzero_count,commutator_pair_count,commutator_frequency,commutator_probability_exact
noncommuting,3,1000,20000,0,20260919,a02d8553ced8a02e3944c97f0c5eec4fcd04ea9f30658e3adc1ae54009687d2a,0.05,1.0,1.0,0.22222222222222224,0.6666666666666667,3.0,0.010394281598611443,0.015521993332227367,1.4933204555763553,0.004685626882047127,0.004527726495791151,0.01090426145866304,0.010982798661673957,0.2251766826085054,0.6919588233623394,0.17841288417627332,0.24870656021691434,2.782229880702921,0.017340338030452988,0.015993809577817018,1.0490635023895951,1,1.6682574804178345,1,1.5387123608382522,1,14985,19999,0.7492874643732187,0.75
noncommuting,3,1000,20000,1,20260919,14832f1e74d0aa561118a8ff1e4d9e31ecb1ca9ea4cc5cf02814bc299a49d1a3,0.05,1.0,1.0,0.22222222222222224,0.6666666666666667,3.0,0.010394281598611443,0.015521993332227367,1.4933204555763553,0.0036376339801573775,0.003725794102424738,0.010819951024892265,0.010898602023486305,0.2209410703399962,0.6848831188214135,0.1786883229131404,0.24448836911884436,2.801291207797684,0.017194367109748445,0.015965722370197343,1.04095226998061,1,1.6542140932611846,1,1.5360101820149052,1,14864,19999,0.7432371618580929,0.75
noncommuting,3,1000,20000,2,20260919,d8517fa699f4df5cb4d29f818105e81f328050159b724197a77ac69b59f0e6f1,0.05,1.0,1.0,0.22222222222222224,0.6666666666666667,3.0,0.010394281598611443,0.015521993332227367,1.4933204555763553,0.003693847703375285,0.0037789591488623362,0.010892928736839459,0.010971531586802169,0.22416645637813243,0.6926486297712183,0.1828576037357137,0.24797583557308275,2.7932101858653997,0.01730564838455608,0.01598006322077181,1.047973218110103,1,1.6649201024982734,1,1.537389868570288,1,14971,19999,0.7485874293714686,0.75
noncommuting,3,1000,20000,3,20260919,240ce84d23346a0130d137b7e10d5a7c2bea96c6c9628e7cc6c68a90bc1cbe15,0.05,1.0,1.0,0.22222222222222224,0.6666666666666667,3.0,0.010394281598611443,0.015521993332227367,1.4933204555763553,0.0036458167151682853,0.003918864798403743,0.010855112223673231,0.010933771096606698,0.2225033931205674,0.6896300575573098,0.1789406379482535,0.24606663874376752,2.8026150195656174,0.01724837060006115,0.015993506445059914,1.0443350144682775,1,1.659409593286883,1,1.5386831974223656,1,14960,19999,0.7480374018700935,0.75
noncommuting,3,1000,20000,4,20260919,7456bc9b8781ff48a82bf7e9023dca517be412190c2f192921efacfab0b18a45,0.05,1.0,1.0,0.22222222222222224,0.6666666666666667,3.0,0.010394281598611443,0.015521993332227367,1.4933204555763553,0.0037281243374387633,0.003907202186738921,0.010883839431233043,0.010962462124193599,0.22389297020950133,0.6921312834945287,0.17956741581197716,0.2474957809352751,2.7965377061338037,0.017296243843928243,0.015983207076845696,1.0470987656027135,1,1.6640153222555392,1,1.5376923287301423,1,15000,19999,0.7500375018750938,0.75
noncommuting,3,1000,20000,5,20260919,463154559c7eaf6a4ae64a7699e8417857b2e0ff9c9a2d79c310b86a41fe90b8,0.05,1.0,1.0,0.22222222222222224,0.6666666666666667,3.0,0.010394281598611443,0.015521993332227367,1.4933204555763553,0.0052790854380426544,0.005275163232913497,0.010852995914965217,0.010931620583177676,0.22239755826766813,0.6882495642425852,0.1808094829139517,0.24607857050911583,2.7968691577598768,0.01724471829491375,0.015975485836735293,1.0441314112959046,1,1.6590582168966295,1,1.5369494933511745,1,14842,19999,0.7421371068553427,0.75
noncommuting,3,1000,20000,6,20260919,85137bffce79f4ab639ed347a3adc481126bc4b7a28ae95165d22482df1acb04,0.05,1.0,1.0,0.22222222222222224,0.6666666666666667,3.0,0.010394281598611443,0.015521993332227367,1.4933204555763553,0.0053641465989322165,0.005375722182975479,0.010927770697401583,0.01100637913317969,0.2260096059269264,0.697302423953169,0.1787102646778534,0.24955829191853923,2.7941464841440022,0.01736888087605028,0.015981320943833203,1.0513252497278318,1,1.671003494687941,1,1.5375108700122309,1,14938,19999,0.7469373468673434,0.75
noncommuting,3,1000,20000,7,20260919,3b81ef90dec2580e8c7b19d94f1797ac0731b7264a4d27a8fc71f5d8eeb25a1a,0.05,1.0,1.0,0.22222222222222224,0.6666666666666667,3.0,0.010394281598611443,0.015521993332227367,1.4933204555763553,0.0023626800616224227,0.002438684793931726,0.010919683968965484,0.010998261007047257,0.22565807251561987,0.695234589556756,0.17998831297956092,0.24928741346495267,2.7888876533852724,0.01735684085783888,0.015957161680681904,1.0505472519066856,1,1.6698451637251732,1,1.5351865859410234,1,14995,19999,0.7497874893744687,0.75
noncommuting,3,1000,20000,8,20260919,f61d27c66a3a06cbb6f854df4739136a34b588e4342cb743067ebbbf2c791bdc,0.05,1.0,1.0,0.22222222222222224,0.6666666666666667,3.0,0.010394281598611443,0.015521993332227367,1.4933204555763553,0.0027908832815401385,0.0028106565391251333,0.01092345642029275,0.011002160261435641,0.2253892509039783,0.6998860366858046,0.18053802366674154,0.24905319485286542,2.8101869445974397,0.01734762738937335,0.015963538121247782,1.0509101871698376,1,1.6689587659132492,1,1.5358000425330334,1,15047,19999,0.7523876193809691,0.75
noncommuting,3,1000,20000,9,20260919,2b61e9fa24897367eb9a1178845a493d121350b59b12b2294b3a0e6bbb8fa207,0.05,1.0,1.0,0.22222222222222224,0.6666666666666667,3.0,0.010394281598611443,0.015521993332227367,1.4933204555763553,0.00561266254545115,0.005364017673836352,0.01087233930871015,0.010950972802368977,0.22342112001650138,0.6910101912413791,0.17815728367258749,0.24693481916530563,2.7983505670733133,0.017280004521033815,0.016003039452173844,1.0459923762468173,1,1.6624529898576372,1,1.539600337007578,1,14923,19999,0.7461873093654683,0.75
noncommuting,3,1000,20000,10,20260919,42fedddca8bc3f6a6baf058616d9873bb88dee4b56f0e32da8a4c23975000cc1,0.05,1.0,1.0,0.22222222222222224,0.6666666666666667,3.0,0.010394281598611443,0.015521993332227367,1.4933204555763553,0.0035441029559886315,0.003663539459668107,0.010914442909032634,0.010993142839353832,0.22494536518214447,0.6985943951299399,0.1812158723364245,0.24865190566559378,2.8095276135525116,0.0173324018189749,0.01597768158235853,1.0500430265898009,1,1.6674939633432972,1,1.5371607388905997,1,15140,19999,0.7570378518925946,0.75
noncommuting,3,1000,20000,11,20260919,88b0b214513051ec4b660c457178eeaa672ea5c7b67977a939ecd912d4181846,0.05,1.0,1.0,0.22222222222222224,0.6666666666666667,3.0,0.010394281598611443,0.015521993332227367,1.4933204555763553,0.0034759903995033167,0.003356460368138868,0.010853387491425415,0.010932039876555348,0.2223934481406905,0.6891986919234706,0.1797610499145476,0.24600846797598938,2.801524262940156,0.01724457643906405,0.015963199995809488,1.0441690835925883,1,1.6590445694070601,1,1.535767512585188,1,14831,19999,0.7415870793539677,0.75
noncommuting,3,1000,20000,12,20260919,84f9d6e978d286645ddee8a7a483218e3b8d60b0a0fb5e45081c43001a3256aa,0.05,1.0,1.0,0.22222222222222224,0.6666666666666667,3.0,0.010394281598611443,0.015521993332227367,1.4933204555763553,0.005759463314411668,0.00549436627842815,0.010906628925743013,0.010985214976120814,0.22503352408881444,0.6938555714678979,0.1799182228895384,0.24865844923513372,2.790396118057431,0.01733542692177034,0.015994022732693333,1.0492912686914326,1,1.6677849986367654,1,1.5387328677750995,1,14971,19999,0.7485874293714686,0.75
noncommuting,3,1000,20000,13,20260919,fcc68a1d2b832c614bc0ab9a917288477751c965a79dffd042e56bae6a5c4ba1,0.05,1.0,1.0,0.22222222222222224,0.6666666666666667,3.0,0.010394281598611443,0.015521993332227367,1.4933204555763553,0.0046372235569329436,0.004877222677459578,0.010913369964081973,0.01099199804639198,0.22522684343770163,0.6960962886035043,0.17962255420485762,0.24883313144571823,2.797442143492674,0.017342058447851402,0.016002666828206887,1.0499398020484527,1,1.6684229961759072,1,1.53956448806858,1,15032,19999,0.7516375818790939,0.75
noncommuting,3,1000,20000,14,20260919,a77dc6c4e62559a525161348935ab76185d448d215329e3c3050c3e57dd9f0b6,0.05,1.0,1.0,0.22222222222222224,0.6666666666666667,3.0,0.010394281598611443,0.015521993332227367,1.4933204555763553,0.0019255726236324267,0.0020463116202221825,0.010852184598929865,0.010930807139834702,0.22252820152233665,0.6880769774028045,0.17825783548403762,0.24604826657070372,2.796512192477002,0.017249226599290308,0.015959332767788673,1.0440533572209159,1,1.6594919461865076,1,1.5353954591648409,1,14888,19999,0.7444372218610931,0.75
noncommuting,3,1000,20000,15,20260919,3be860fedfc8799ad4c8fbdf785294f3d938c381c7a8415d24ea8c88b38a5a4d,0.05,1.0,1.0,0.22222222222222224,0.6666666666666667,3.0,0.010394281598611443,0.015521993332227367,1.4933204555763553,0.0052173958773532175,0.0050174969395013,0.010876533385042159,0.010955094637780157,0.2236978357769831,0.6891986919234706,0.1804670128320312,0.2473573127261248,2.786247490837494,0.017289530121983684,0.015951484474849523,1.0463958746793178,1,1.6633694169199118,1,1.5346404004467666,1,14901,19999,0.7450872543627182,0.75
noncommuting,3,1000,20000,16,20260919,db287c629efcf6bcf9f588687cf29c34bd6578642a3220751c098dac96e9864d,0.05,1.0,1.0,0.22222222222222224,0.6666666666666667,3.0,0.010394281598611443,0.015521993332227367,1.4933204555763553,0.0013627224456310898,0.0014764446171796728,0.010912669971519177,0.010991319184837858,0.2251568809293961,0.6966993918444171,0.17914704329538883,0.248733163448864,2.8009911592976966,0.01733965881920503,0.01596327985802394,1.049872458042409,1,1.66819213571445,1,1.535775195868895,1,15081,19999,0.7540877043852192,0.75
noncommuting,3,1000,20000,17,20260919,52a525135e8d3bdae0da9163ddded41ead066214c5273c83e7fc8c8542ca58ac,0.05,1.0,1.0,0.22222222222222224,0.6666666666666667,3.0,0.010394281598611443,0.015521993332227367,1.4933204555763553,0.005824854433025971,0.005961741549410728,0.01092037227061469,0.010998954507461267,0.22560731830011244,0.6954931144344894,0.18103237727305188,0.24930233568731608,2.78975771533405,0.017355101751590274,0.016013320399592922,1.0506134711679858,1,1.6696778499736544,1,1.5405894334950592,1,15022,19999,0.7511375568778439,0.75
noncommuting,3,1000,20000,18,20260919,55331e932993a94763314d1798845a3aa161b1db4acf6da0457a5e4cbf667d5c,0.05,1.0,1.0,0.22222222222222224,0.6666666666666667,3.0,0.010394281598611443,0.015521993332227367,1.4933204555763553,0.005294619596790662,0.005675075756271172,0.010842199549820627,0.01092088807168921,0.2216489750420974,0.6889398557140048,0.18166121881674052,0.24538345809047388,2.8076051298453457,0.017218860230529223,0.015995525544179514,1.0430927281466975,1,1.656570496688243,1,1.538877448376647,1,14969,19999,0.7484874243712185,0.75
noncommuting,3,1000,20000,19,20260919,b05a73b1f7fda92b7ea613874ede4b27943e5819e42cc7ca337ded3cbc867a66,0.05,1.0,1.0,0.22222222222222224,0.6666666666666667,3.0,0.010394281598611443,0.015521993332227367,1.4933204555763553,0.0018785597773877025,0.0018029925993698268,0.010873041297938969,0.010951690570991632,0.2231914695615341,0.6916138860650893,0.18151319868750532,0.24691666912358232,2.8010011981772487,0.017272094605372774,0.015951402515477896,1.0460599123455998,1,1.6616920026180673,1,1.534632515402394,1,15032,19999,0.7516375818790939,0.75
noncommuting,3,1000,20000,20,20260919,521e8476f7640563620f1dc6959ff04da1bf18b39aed412fc7b432344c08d3c9,0.05,1.0,1.0,0.22222222222222224,0.6666666666666667,3.0,0.010394281598611443,0.015521993332227367,1.4933204555763553,0.0033109272960182012,0.003051202938750576,0.010854204800890032,0.010932811388254315,0.22255324802324367,0.6878180866816784,0.18012558456271283,0.2461912348415125,2.7938366169878734,0.017250090765586406,0.01596968341557115,1.0442477142758986,1,1.659575084813059,1,1.536391261297415,1,14909,19999,0.7454872743637182,0.75
noncommuting,3,1000,20000,21,20260919,7e6f1838413b07d1f9babae903631df60d407747a7c78cad8ad5410eb4047f08,0.05,1.0,1.0,0.22222222222222224,0.6666666666666667,3.0,0.010394281598611443,0.015521993332227367,1.4933204555763553,0.005513932388510286,0.0053376635969106054,0.010914837230834027,0.010993485825311455,0.22517730414780246,0.6969578428987528,0.1804335202663201,0.24883467391228814,2.800887159095938,0.01734035934919605,0.01595779613161621,1.0500809630068253,1,1.6682595314247137,1,1.535247624400323,1,15039,19999,0.751987599379969,0.75
noncommuting,3,1000,20000,22,20260919,f0246efbdc8118a17a7103097a61eb0a19ee49b74f1e005ebdd62d879e975a25,0.05,1.0,1.0,0.22222222222222224,0.6666666666666667,3.0,0.010394281598611443,0.015521993332227367,1.4933204555763553,0.004237357449241502,0.003969059677132406,0.010826180413181645,0.010904836213805526,0.2212141683241531,0.6858328422440246,0.1786156157227975,0.24475686976535474,2.802098437120575,0.017203820794951957,0.01597979240418156,1.0415515791517422,1,1.6551236015435824,1,1.5373638141876276,1,14932,19999,0.7466373318665933,0.75
noncommuting,3,1000,20000,23,20260919,b14e70260658c357c967c7059afeb1fe83edf6963dbb59b3364909d0431256aa,0.05,1.0,1.0,0.22222222222222224,0.6666666666666667,3.0,0.010394281598611443,0.015521993332227367,1.4933204555763553,0.0032505098213917055,0.00315898018438765,0.010924412349253676,0.011003041800093141,0.22564621013682223,0.6975608444594429,0.18095220575207932,0.24933619109142072,2.797671855842531,0.01735643440789328,0.01595760761224402,1.0510021539836916,1,1.6698060604988707,1,1.535229487565141,1,15108,19999,0.7554377718885944,0.75
noncommuting,3,1000,20000,24,20260919,fb9629b3b49ef81ef213e9211f9ffdf3c719d74505310bee178ad86c2d5f9f9e,0.05,1.0,1.0,0.22222222222222224,0.6666666666666667,3.0,0.010394281598611443,0.015521993332227367,1.4933204555763553,0.0034184988517064674,0.0034839017849044368,0.010863754797206686,0.010942440614902859,0.22273385846684196,0.6916138860650893,0.180189239021048,0.2463758533588429,2.8071496318990468,0.017256320834020535,0.015972791735105078,1.0451664883370062,1,1.660174459418704,1,1.536690302602429,1,14985,19999,0.7492874643732187,0.75
noncommuting,3,1000,20000,25,20260919,0451d89dc36e115cbf2c9bfdaf74be4dd7550664c3b6a1aec474c89c0706f302,0.05,1.0,1.0,0.22222222222222224,0.6666666666666667,3.0,0.010394281598611443,0.015521993332227367,1.4933204555763553,0.006045864357353312,0.005915040022765883,0.010864763264058603,0.010943421272310582,0.22299029038178825,0.6908376942750566,0.17825733872874272,0.24651032398516728,2.8024696211775084,0.017265161989342543,0.015956283463247074,1.0452635096503455,1,1.6610250381949407,1,1.5351020955001498,1,14961,19999,0.7480874043702185,0.75
noncommuting,3,1000,20000,26,20260919,7246055dc368c016298529f2e6b71ce4185fa743967644ee51ad9100f35e8ffa,0.05,1.0,1.0,0.22222222222222224,0.6666666666666667,3.0,0.010394281598611443,0.015521993332227367,1.4933204555763553,0.003447178655642322,0.0033562333830004193,0.01093425367713707,0.011012878666663159,0.22618340733795572,0.6986805148447083,0.17983779359604501,0.24980326423272278,2.796923078610376,0.017374830114705326,0.01595218709630897,1.0519489561065731,1,1.67157585157462,1,1.5347079973704003,1,15041,19999,0.752087604380219,0.75
noncommuting,3,1000,20000,27,20260919,4e070d57d8ba3508a4ddf5fed0a369d9f1b4da6e888e6fa951b839249796e977,0.05,1.0,1.0,0.22222222222222224,0.6666666666666667,3.0,0.010394281598611443,0.015521993332227367,1.4933204555763553,0.0046999372870958475,0.0047972851533045705,0.010848013540845946,0.010926705702626974,0.22196297878668148,0.6898025939811047,0.18069974314133957,0.24563709256564684,2.808218363017605,0.017229712067064053,0.01600634842466797,1.0436520732991414,1,1.6576145165593499,1,1.539918682480782,1,15039,19999,0.751987599379969,0.75
noncommuting,3,1000,20000,28,20260919,a19023941398b9f5a5b510438e172397c7118f04ef8c653aaf3e44db46d9e160,0.05,1.0,1.0,0.22222222222222224,0.6666666666666667,3.0,0.010394281598611443,0.015521993332227367,1.4933204555763553,0.0014698591968479763,0.0013670862238871896,0.010815670039928086,0.010894324577225898,0.22068651012700255,0.6844513712928897,0.17945726387687172,0.2442823725629902,2.8018860473299125,0.017185549873879914,0.015968848156114688,1.0405404103514895,1,1.6533658156977107,1,1.5363109037038156,1,14876,19999,0.743837191859593,0.75
noncommuting,3,1000,20000,29,20260919,1522fe5c1ae200b71b72d6005164d2dcafe3d18fae8b5afa1941898701f6fbb7,0.05,1.0,1.0,0.22222222222222224,0.6666666666666667,3.0,0.010394281598611443,0.015521993332227367,1.4933204555763553,0.004424769457620254,0.004380999799352771,0.010957744377535134,0.011036345495425029,0.22724164340672764,0.7009191112061612,0.18144937278057327,0.2509628387848937,2.7929199183427147,0.01741100441249839,0.015960003457719987,1.0542089199314133,1,1.6750560630206806,1,1.5354599840600875,1,15158,19999,0.7579378968948447,0.75
noncommuting,3,1000,20000,30,20260919,ecc57313c89a1efc021c1d38481b8a59d3d12dd9328ad7f8e5c47d38546d26f1,0.05,1.0,1.0,0.22222222222222224,0.6666666666666667,3.0,0.010394281598611443,0.015521993332227367,1.4933204555763553,0.005283407453682174,0.00522391682363625,0.010890523992083052,0.01096910718770171,0.2243581808680197,0.6917001225171051,0.17905197231451858,0.24792845948371633,2.7899182044590374,0.017312237914837124,0.015960410448124317,1.0477418654443518,1,1.6655540597581886,1,1.5354991392821649,1,14936,19999,0.7468373418670934,0.75
noncommuting,3,1000,20000,31,20260919,bb10cc558155a447b26776ab3c5e5c33c4da268a8465167c25aaa94133fdc652,0.05,1.0,1.0,0.22222222222222224,0.6666666666666667,3.0,0.010394281598611443,0.015521993332227367,1.4933204555763553,0.0017688857666859948,0.0017017241352560684,0.010847931751031483,0.010926539075571153,0.2222103800924903,0.6870413393306537,0.18098364888033142,0.2459023364599727,2.793960192576244,0.017238256746223056,0.01595246288692261,1.0436442045673116,1,1.6584365723289514,1,1.5347345302876607,1,14924,19999,0.7462373118655933,0.75
noncommuting,3,1000,20000,32,20260919,7218284f3cf4382e02a0260fd57a70e31d288e22b0147bb3bdedc225277d4bc9,0.05,1.0,1.0,0.22222222222222224,0.6666666666666667,3.0,0.010394281598611443,0.015521993332227367,1.4933204555763553,0.004484146155502559,0.004673656032790494,0.010869782835888858,0.010948476666792613,0.2230239189341981,0.6926486297712183,0.179553612833789,0.24662585909673765,2.8084996127657913,0.017266321043781997,0.01599598760931653,1.045746426317807,1,1.6611365470499257,1,1.5389219021594922,1,14889,19999,0.7444872243612181,0.75
noncommuting,3,1000,20000,33,20260919,90aec9eb9a233f610a9da1934ca6cbc797f691b4cda396c22d7b9d94841d842f,0.05,1.0,1.0,0.22222222222222224,0.6666666666666667,3.0,0.010394281598611443,0.015521993332227367,1.4933204555763553,0.006885687317027418,0.007003814682891232,0.010952850736026786,0.011031324321312177,0.22758464786623683,0.6960962886035043,0.17898180595838664,0.2511504943277182,2.7716301752334624,0.017422711450437445,0.015998462802728455,1.0537381186103292,1,1.6761823590352718,1,1.5391600324610857,1,15067,19999,0.7533876693834691,0.75
noncommuting,3,1000,20000,34,20260919,223c0a9a6fb9166740214bca289ba09efb7988849daa6d23279e7529573e6588,0.05,1.0,1.0,0.22222222222222224,0.6666666666666667,3.0,0.010394281598611443,0.015521993332227367,1.4933204555763553,0.0018024292211668747,0.00189416764842838,0.010906417721430603,0.010984978198592548,0.22501668723035106,0.6929934988104745,0.18133753603205954,0.24873086471665193,2.7861178370441304,0.017334849224141236,0.015964104810523433,1.0492709494119896,1,1.6677294202282313,1,1.535854561863713,1,15052,19999,0.752637631881594,0.75
noncommuting,3,1000,20000,35,20260919,a85bf892982cd672fd81affb06f6c8a65d41623d526bca77e8b145329ca53696,0.05,1.0,1.0,0.22222222222222224,0.6666666666666667,3.0,0.010394281598611443,0.015521993332227367,1.4933204555763553,0.006065273041966718,0.00595827982760948,0.010869597613435936,0.010948183498135802,0.22337739998947792,0.6891124145883234,0.1792643634067156,0.2469610892898663,2.7903683797713157,0.017278498973165447,0.016019919877217934,1.0457286066684963,1,1.6623081459976663,1,1.54122434775656,1,14973,19999,0.7486874343717186,0.75
noncommuting,3,1000,20000,36,20260919,8e939247ff6a52c033753a658eab5ebacf90c0949ed95ed9ada0c25c1d8c05ea,0.05,1.0,1.0,0.22222222222222224,0.6666666666666667,3.0,0.010394281598611443,0.015521993332227367,1.4933204555763553,0.005822506792590225,0.005700517766193315,0.010937822694753404,0.011016357659860185,0.2267370849215858,0.6961824505566285,0.17827495916840358,0.25025823388541335,2.781856323957725,0.01739376732690622,0.015952452739918483,1.0522923196745575,1,1.6733977391212709,1,1.5347335540774216,1,14912,19999,0.7456372818640932,0.75
noncommuting,3,1000,20000,37,20260919,58a42eaef99890608edad25340b8de01a089626b3e18745d4bcd387d91d3e40c,0.05,1.0,1.0,0.22222222222222224,0.6666666666666667,3.0,0.010394281598611443,0.015521993332227367,1.4933204555763553,0.0012937944269672563,0.0011927859983807796,0.010880967341786668,0.010959585445358975,0.22372307692783938,0.6916138860650893,0.18040857364116147,0.24737887704840186,2.795767748310091,0.017290398724377504,0.015965955878768402,1.0468224512255124,1,1.6634529823289859,1,1.536032647114474,1,14936,19999,0.7468373418670934,0.75
noncommuting,3,1000,20000,38,20260919,f687503b7de8b26d1b2dfb432ea0bfd81672b9b5bf1549c37a08ae5513610621,0.05,1.0,1.0,0.22222222222222224,0.6666666666666667,3.0,0.010394281598611443,0.015521993332227367,1.4933204555763553,0.0024061036965092927,0.0026324278327137683,0.010908242826858398,0.010986856811177026,0.2250111623556132,0.6949760517044863,0.18002658312037167,0.24864291403045768,2.795076845099051,0.017334659652770777,0.015965287783200603,1.0494465368646173,1,1.66771118218372,1,1.5359683718144967,1,15020,19999,0.7510375518775939,0.75
noncommuting,3,1000,20000,39,20260919,e71c9ad3e72b39452b8ce20c76e4ee5d70e28837fc8a42366ccd788371b48a63,0.05,1.0,1.0,0.22222222222222224,0.6666666666666667,3.0,0.010394281598611443,0.015521993332227367,1.4933204555763553,0.0033241159586211862,0.0035669460904024916,0.010928887532560735,0.011007525665419472,0.22590487621290334,0.698422151306106,0.1796682508527524,0.24951404565860044,2.7991296019532608,0.017365294863542276,0.015982441164114288,1.0514326968032797,1,1.670658496096746,1,1.5376186427592415,1,15053,19999,0.752687634381719,0.75
noncommuting,5,1000,20000,0,20260919,fbb888884c0e5a6df4c03aa61fe1990072f0552384325af11f5e3154091e1442,0.05,1.0,1.0,0.16000000000000003,0.8000000000000002,5.0,0.009295534941447928,0.013197599624634768,1.4197783890616016,0.00406964699673191,0.004061711463433605,0.00997964402687527,0.010065415026668795,0.1622398367862514,0.8168265289362987,0.25555295616818563,0.19021332717675174,4.294265502107956,0.015005090177498773,0.013650886928585394,1.073595450905893,1,1.6142255687289677,1,1.4685423716409645,1,18743,19999,0.9371968598429922,0.9375
noncommuting,5,1000,20000,1,20260919,29f576d570899fb7c46648bdbfb52f5bac8fc08849b58c688d41cbe26e5ab17a,0.05,1.0,1.0,0.16000000000000003,0.8000000000000002,5.0,0.009295534941447928,0.013197599624634768,1.4197783890616016,0.005049936290604904,0.005057071653170912,0.010017562271072497,0.01010329640520405,0.1636848642943992,0.8216401137451601,0.2574402527560723,0.1917579486492737,4.284777343169979,0.015063352601947265,0.01370938178598418,1.0776746399397754,1,1.6204933548021183,1,1.4748351625096172,1,18734,19999,0.9367468373418671,0.9375
noncommuting,5,1000,20000,2,20260919,93bccc45fe60436a286a50ba0a32eb98617f2e3e2bb313ca47b11eec29f1f2d1,0.05,1.0,1.0,0.16000000000000003,0.8000000000000002,5.0,0.009295534941447928,0.013197599624634768,1.4197783890616016,0.003559585205457442,0.003649124930953411,0.010002758514203246,0.010088499880065736,0.16310704540157925,0.8194777784579543,0.25725416209967394,0.1911703258809986,4.286636927993051,0.01504008635848249,0.013645331492430045,1.0760820735127221,1,1.6179904064929218,1,1.4679447259766383,1,18779,19999,0.9389969498474924,0.9375
noncommuting,5,1000,20000,3,20260919,f4d6ee641285c40ac4826100978e58efc6b928fd816f9213fa930aca9c1206f1,0.05,1.0,1.0,0.16000000000000003,0.8000000000000002,5.0,0.009295534941447928,0.013197599624634768,1.4197783890616016,0.004721689323189218,0.004755112899671962,0.009998694592302225,0.010084452945333005,0.16294526538851395,0.8194760968122256,0.25662146437368144,0.19097518669423963,4.29100822466662,0.015033564802190993,0.013590238706216694,1.0756448827618272,1,1.617288827042941,1,1.4620179249307192,1,18761,19999,0.9380969048452422,0.9375
noncommuting,5,1000,20000,4,20260919,c862e81d11a4985be33a58a513abb69dbf0a56854437f17c067d73bacad76cdc,0.05,1.0,1.0,0.16000000000000003,0.8000000000000002,5.0,0.009295534941447928,0.013197599624634768,1.4197783890616016,0.006308518447316399,0.006221814316317324,0.010002133985276353,0.010087865452869407,0.16322479716016342,0.8189842698131944,0.25499359930534865,0.19116869929932226,4.284091866581518,0.015044831046831447,0.01361988171169806,1.0760148876077875,1,1.6185008330986892,1,1.4652068759344092,1,18742,19999,0.9371468573428672,0.9375
noncommuting,5,1000,20000,5,20260919,b0a8dd8a78eaeaaac105d1acc8b85a8e729ead7a016612c2f5999498eb6d6f12,0.05,1.0,1.0,0.16000000000000003,0.8000000000000002,5.0,0.009295534941447928,0.013197599624634768,1.4197783890616016,0.005472606579997768,0.0055906952893768035,0.009977100966320923,0.010062893134927484,0.1620696196352163,0.817239080602853,0.2560208166863754,0.19006783354243992,4.299723237600712,0.014998210096753792,0.013719753074798394,1.0733218721855324,1,1.6134854197447168,1,1.4759508905316776,1,18730,19999,0.9365468273413671,0.9375
noncommuting,5,1000,20000,6,20260919,600e94b44d70e210228af99f005b606cd49121e9e9c2ea8110e0513739296c60,0.05,1.0,1.0,0.16000000000000003,0.8000000000000002,5.0,0.009295534941447928,0.013197599624634768,1.4197783890616016,0.004823805728535364,0.004753567151991538,0.010002579151754057,0.010088302383740769,0.16316288676630777,0.8187331863028877,0.2568440518111918,0.1912045487440881,4.28197546387192,0.015042336643392554,0.013588817435508674,1.0760627779638032,1,1.6182324888393642,1,1.4618650267148583,1,18770,19999,0.9385469273463674,0.9375
noncommuting,5,1000,20000,7,20260919,50cdf4bce1be57c31546e7716453831cdd23a0cda822094606f6af53bab2a06e,0.05,1.0,1.0,0.16000000000000003,0.8000000000000002,5.0,0.009295534941447928,0.013197599624634768,1.4197783890616016,0.0034480407866531006,0.003291727093559283,0.009986703199597,0.010072544126432562,0.16224715827035163,0.8207509948275259,0.2575684546546624,0.19032699466687825,4.312320468591718,0.01500538602675705,0.013615867284165944,1.0743548663420346,1,1.6142573957577662,1,1.4647750097150467,1,18750,19999,0.9375468773438672,0.9375
noncommuting,5,1000,20000,8,20260919,67b4175f3f8a1ae1b31628726531cb059588086d0fbdf351cef71ca66763a019,0.05,1.0,1.0,0.16000000000000003,0.8000000000000002,5.0,0.009295534941447928,0.013197599624634768,1.4197783890616016,0.003924933372790255,0.003863178229366844,0.009968983927091625,0.01005484635274149,0.16155252299343378,0.8186628860880063,0.256917340722487,0.18959804957946846,4.317886644423894,0.014977287154787506,0.013628893071554708,1.0724486530238138,1,1.6112345603699656,1,1.4661763047960519,1,18735,19999,0.9367968398419921,0.9375
noncommuting,5,1000,20000,9,20260919,3784d991454809fe013736549203a3c5c7b12e02024712d05a3a6297e527d311,0.05,1.0,1.0,0.16000000000000003,0.8000000000000002,5.0,0.009295534941447928,0.013197599624634768,1.4197783890616016,0.003608042393708294,0.0036633074038698197,0.010016504398775552,0.010102301418402024,0.16347241823087302,0.8239556311823724,0.2579844933035338,0.19157415467273098,4.300974902329326,0.015054803107705102,0.013634374533394573,1.0775608355913857,1,1.6195736127651064,1,1.4667659924121377,1,18776,19999,0.9388469423471174,0.9375
noncommuting,5,1000,20000,10,20260919,865865a0ba2fa65518121d570f9507811ea833baeae8b03fa94f4578dd0ddd2b,0.05,1.0,1.0,0.16000000000000003,0.8000000000000002,5.0,0.009295534941447928,0.013197599624634768,1.4197783890616016,0.004743374550222522,0.004777211398060595,0.00999644634495241,0.010082232798959603,0.16271553922694454,0.8202132314236296,0.2581305366126383,0.1908249591203042,4.298249218575921,0.015024298685899485,0.013674783886132847,1.0754030196131246,1,1.6162919918581051,1,1.4711131712450731,1,18778,19999,0.9389469473473674,0.9375
noncommuting,5,1000,20000,11,20260919,f3db92361a90bdbfa0d861c30a93d3d36ea0d3101f7fca2c9a01d7f3a8c0966b,0.05,1.0,1.0,0.16000000000000003,0.8000000000000002,5.0,0.009295534941447928,0.013197599624634768,1.4197783890616016,0.0034708494198929804,0.003456752240732747,0.010017309011240658,0.01010309120103432,0.16350778939408817,0.8235010139270369,0.2585429742439472,0.19163889622149702,4.297149640098277,0.015056226939278805,0.013686609003572868,1.0776473946189375,1,1.6197267864751372,1,1.4723853000159839,1,18787,19999,0.9393969698484924,0.9375
noncommuting,5,1000,20000,12,20260919,066d6bdc6cb0ecd242d7dbc39f94ce19f9dd565aa6a2a113866e646f49bd0baa,0.05,1.0,1.0,0.16000000000000003,0.8000000000000002,5.0,0.009295534941447928,0.013197599624634768,1.4197783890616016,0.0052612916163045425,0.005245785339571168,0.010028456650158704,0.010114112194689455,0.1642976804713044,0.8203348657385081,0.2572023448277087,0.19235823041318487,4.2646205674508,0.015087983205504085,0.01373848996514057,1.0788466412452227,1,1.6231430789666734,1,1.477966577682573,1,18806,19999,0.9403470173508676,0.9375
noncommuting,5,1000,20000,13,20260919,1059c7ae85c2d26a408bd61c40da890102a6856c1a8875d99036606aecb8e465,0.05,1.0,1.0,0.16000000000000003,0.8000000000000002,5.0,0.009295534941447928,0.013197599624634768,1.4197783890616016,0.003303208159148907,0.0032426661121423136,0.009979024327055573,0.01006480095378689,0.16219078223230124,0.8169454702787806,0.2557901046149827,0.19017680726816902,4.295715560766581,0.015003107790577909,0.01355401658842893,1.0735287845092196,1,1.6140123064548382,1,1.4581212026854773,1,18726,19999,0.936346817340867,0.9375
noncommuting,5,1000,20000,14,20260919,59636c7991a773b46a5a21c566f6e29bc9d50b43a4af7f4d8f3f6492a964772f,0.05,1.0,1.0,0.16000000000000003,0.8000000000000002,5.0,0.009295534941447928,0.013197599624634768,1.4197783890616016,0.00391113238446956,0.003973471408639731,0.009999885540985017,0.010085691106288727,0.1628827085551506,0.8215381154729544,0.2566503661057417,0.19091415460895278,4.303180752394716,0.01503104218945747,0.013680808997225341,1.075773003272405,1,1.6170174480691206,1,1.4717613438494952,1,18753,19999,0.9376968848442422,0.9375
noncommuting,5,1000,20000,15,20260919,dd82a2ac62b6263beeca4ac194f5593cf4197e521623d128278aa5d0fcb9a037,0.05,1.0,1.0,0.16000000000000003,0.8000000000000002,5.0,0.009295534941447928,0.013197599624634768,1.4197783890616016,0.004639993628983182,0.004720379342202081,0.010011894442104593,0.010097639517754721,0.1634376020763336,0.8211349610980972,0.25750857944144206,0.191514285219124,4.287591184953034,0.015053401467021436,0.013605664326697155,1.0770649032217054,1,1.619422826318442,1,1.4636773905319598,1,18770,19999,0.9385469273463674,0.9375
noncommuting,5,1000,20000,16,20260919,cd7b17a4ed232e4924e93a7e6f93325f3968da3d63a5c4819c560ce1d71c749d,0.05,1.0,1.0,0.16000000000000003,0.8000000000000002,5.0,0.009295534941447928,0.013197599624634768,1.4197783890616016,0.00433504252646187,0.004282176988718819,0.009985340949187528,0.010071156085818342,0.16228902976217455,0.8195069316108906,0.25688402775175034,0.19033279978543963,4.305652691153144,0.015007077857369922,0.013585682321474096,1.0742083174432295,1,1.614439400410917,1,1.46152775575043,1,18753,19999,0.9376968848442422,0.9375
noncommuting,5,1000,20000,17,20260919,4f7eef3de1cae621dbcff351a3dfb61b9514679f0080691f1e438443c5440454,0.05,1.0,1.0,0.16000000000000003,0.8000000000000002,5.0,0.009295534941447928,0.013197599624634768,1.4197783890616016,0.002598998837179847,0.002625183948940911,0.009998012648472257,0.010083769504150025,0.16293250762889835,0.8193042951519117,0.25642958108293085,0.19095230370653074,4.290622732737897,0.01503305038312797,0.013636395258087393,1.0755715202459244,1,1.617233486595483,1,1.4669833790074815,1,18733,19999,0.936696834841742,0.9375
noncommuting,5,1000,20000,18,20260919,8f47903adab785ec84d5a33f8d749518f5d9d1f1fabafe226458b042ee18dc4c,0.05,1.0,1.0,0.16000000000000003,0.8000000000000002,5.0,0.009295534941447928,0.013197599624634768,1.4197783890616016,0.005558564980337333,0.00550974402215506,0.010008218791546694,0.010093984272878642,0.16331009288566742,0.8213333209666404,0.25635887524290873,0.19132615702800065,4.292843873127279,0.015048266883293063,0.013630270506510379,1.0766694821317895,1,1.6188704553402555,1,1.4663244872260408,1,18769,19999,0.9384969248462424,0.9375
noncommuting,5,1000,20000,19,20260919,22963bd389bf3653f627405e68724f830800ce7dafe5835189879109b2a5129b,0.05,1.0,1.0,0.16000000000000003,0.8000000000000002,5.0,0.009295534941447928,0.013197599624634768,1.4197783890616016,0.006377851958144957,0.00663292571617624,0.010003875850619497,0.010089603418246938,0.1631798924190104,0.819118233088952,0.2572834262835223,0.19124471486799474,4.283089515202249,0.015043021857523592,0.01376004425589358,1.0762022749237532,1,1.6183062031694544,1,1.4802853566327656,1,18712,19999,0.9356467823391169,0.9375
noncommuting,5,1000,20000,20,20260919,93e19ac4e2b072b8d19334e0f5b765b8952cac6b10dfd24d77849e40befefc8d,0.05,1.0,1.0,0.16000000000000003,0.8000000000000002,5.0,0.009295534941447928,0.013197599624634768,1.4197783890616016,0.00328153839292779,0.0034601669108647094,0.00999935683081917,0.010085169600107424,0.16278770414846536,0.8217354486931021,0.2577574166632256,0.19087748959168707,4.305041157293645,0.01502721019730122,0.013674871429404567,1.0757161254090892,1,1.6166052079796165,1,1.4711225890217017,1,18764,19999,0.9382469123456173,0.9375
noncommuting,5,1000,20000,21,20260919,ecc552a5a230d3d570b07b852024669ecab8a8c0851b14b3db22192b52b9cf01,0.05,1.0,1.0,0.16000000000000003,0.8000000000000002,5.0,0.009295534941447928,0.013197599624634768,1.4197783890616016,0.003037886200360523,0.003125166674544468,0.010018555938201107,0.010104336798822887,0.16363477785622482,0.8236551063659233,0.2571020546347053,0.1916900421738362,4.296806954734679,0.0150613374670455,0.013600704581804225,1.0777815371904307,1,1.6202765695482886,1,1.4631438284589675,1,18734,19999,0.9367468373418671,0.9375
noncommuting,5,1000,20000,22,20260919,962fc09167f4c803c03e7d7427d02e0493d60c4fa180ac908b2c855b7c1deb06,0.05,1.0,1.0,0.16000000000000003,0.8000000000000002,5.0,0.009295534941447928,0.013197599624634768,1.4197783890616016,0.005152232595422135,0.005137229237184579,0.009979364546333476,0.010065174336316117,0.16202430693403455,0.8183070787717855,0.25777673892437225,0.19011510950889596,4.304271664075679,0.014996377974221436,0.013711864504467403,1.073565384799579,1,1.6132883226928638,1,1.4751022497185688,1,18750,19999,0.9375468773438672,0.9375
noncommuting,5,1000,20000,23,20260919,fc44aa29d884fcb05cceaf4012e7a7d463a2c7007d3a6525aeb53a188aab43c8,0.05,1.0,1.0,0.16000000000000003,0.8000000000000002,5.0,0.009295534941447928,0.013197599624634768,1.4197783890616016,0.00442052068319094,0.004359289501817337,0.009961880792312656,0.010047737958509915,0.16137942291707788,0.8172795417142958,0.2552598603934784,0.1893374134887731,4.316524276184627,0.014970275641211377,0.013546236257753837,1.0716845082141055,1,1.610480272034728,1,1.4572842061356175,1,18711,19999,0.9355967798389919,0.9375
noncommuting,5,1000,20000,24,20260919,8ba0df20aebf927c4c9359867c67e0aeb58757a71885f0b4f065c742f9887590,0.05,1.0,1.0,0.16000000000000003,0.8000000000000002,5.0,0.009295534941447928,0.013197599624634768,1.4197783890616016,0.004988767476494205,0.004958776341401337,0.010016708169049121,0.010102366793666806,0.16386310605182686,0.8185187018562966,0.2566947970922459,0.1918968959520836,4.265408764405859,0.01507052132865766,0.013613612461973559,1.0775827568982124,1,1.6212645558954981,1,1.4645324392544343,1,18728,19999,0.9364468223411171,0.9375
noncommuting,5,1000,20000,25,20260919,f266b39d716e82c7efe7e79b03f92d164d3107b1f7fa40525484111dca0191c4,0.05,1.0,1.0,0.16000000000000003,0.8000000000000002,5.0,0.009295534941447928,0.013197599624634768,1.4197783890616016,0.004450848030507241,0.004386626568623613,0.009988330151232325,0.01007412399664622,0.1624773935716046,0.8191618120073955,0.25640406060927423,0.19049584270872433,4.300155847809898,0.015014686057552643,0.01361361970715353,1.0745298914100454,1,1.6152578794151535,1,1.4645332186802573,1,18765,19999,0.9382969148457423,0.9375
noncommuting,5,1000,20000,26,20260919,3d397c72dba27ce25985220886ea7a0aee260205cd61376930e9ff3efa99921b,0.05,1.0,1.0,0.16000000000000003,0.8000000000000002,5.0,0.009295534941447928,0.013197599624634768,1.4197783890616016,0.003759546819694741,0.004016995233876649,0.009996265104038981,0.010082000040178646,0.1629006868298242,0.8181517318144402,0.256697641850742,0.1909346267913474,4.284983533701895,0.01503176721540215,0.01362671774372374,1.075383521981781,1,1.6170954452956652,1,1.4659422862221163,1,18730,19999,0.9365468273413671,0.9375
noncommuting,5,1000,20000,27,20260919,a5a40a5e3d4c4950f6d91b865d0bc9bdfd19ed69111ff75b74307725465f555f,0.05,1.0,1.0,0.16000000000000003,0.8000000000000002,5.0,0.009295534941447928,0.013197599624634768,1.4197783890616016,0.004440431991791246,0.00442683648289756,0.00998601342166405,0.010071747834453708,0.16256466294354546,0.8164394098237108,0.2556068027117237,0.19054099994057702,4.284848983044748,0.015018209458646554,0.013666549210486142,1.0742806610448359,1,1.6156369217312876,1,1.4702272969303,1,18724,19999,0.936246812340617,0.9375
noncommuting,5,1000,20000,28,20260919,98b5b00589a96d84494f310cd2dd968fe4fc34d00a3933ead09e5ffeafc5f599,0.05,1.0,1.0,0.16000000000000003,0.8000000000000002,5.0,0.009295534941447928,0.013197599624634768,1.4197783890616016,0.004715987556544508,0.00471285873922844,0.00999620298931444,0.010081976361203143,0.16278951876720923,0.8196565861895446,0.25710986592814905,0.19084519480278922,4.294876729993336,0.015027283400219419,0.013574261523882587,1.0753768397709205,1,1.6166130830420697,1,1.4602991231151436,1,18720,19999,0.9360468023401171,0.9375
noncommuting,5,1000,20000,29,20260919,5ef66fb7e8fbe843a1373ee3ffe9e4ea645381d0ba37e8ba20507272c78a8703,0.05,1.0,1.0,0.16000000000000003,0.8000000000000002,5.0,0.009295534941447928,0.013197599624634768,1.4197783890616016,0.006258752751781424,0.006058257796774333,0.010030166658912112,0.0101158642703361,0.1642643687142771,0.822280128730273,0.2572668498413496,0.1923283177387943,4.275398123364399,0.01508664550512399,0.013687021270769843,1.079030601476041,1,1.622999171123981,1,1.4724296511156862,1,18778,19999,0.9389469473473674,0.9375
noncommuting,5,1000,20000,30,20260919,ca95b2a0dab5fe7216beacfa774b819a63ef39e705d5ee71d1ec32555d6f3149,0.05,1.0,1.0,0.16000000000000003,0.8000000000000002,5.0,0.009295534941447928,0.013197599624634768,1.4197783890616016,0.002956896921701837,0.0029449747487601697,0.009999530490536122,0.01008530398830397,0.16296927839701683,0.8202120605960216,0.2561267411583239,0.19097308661638976,4.294909168241035,0.015034533001377508,0.013637604073334695,1.0757348074664475,1,1.6173929844897814,1,1.467113421576835,1,18738,19999,0.9369468473423671,0.9375
noncommuting,5,1000,20000,31,20260919,3b7a6076e0ef15d6041a6bcf224b58e475097603b33ae9f4c21854dc9208a8f8,0.05,1.0,1.0,0.16000000000000003,0.8000000000000002,5.0,0.009295534941447928,0.013197599624634768,1.4197783890616016,0.004635272027021374,0.004564184432972627,0.010001804727938761,0.010087548060375803,0.1629419134192507,0.8193977187845575,0.2596109338265607,0.1911290958037623,4.287142757300837,0.015033429645858264,0.013633026242935765,1.075979466586871,1,1.6172742871231214,1,1.4666209453043273,1,18758,19999,0.9379468973448672,0.9375
noncommuting,5,1000,20000,32,20260919,56cd01957cdfcb91fb963be15984a880545a5f857707962181d48f5a639045ef,0.05,1.0,1.0,0.16000000000000003,0.8000000000000002,5.0,0.009295534941447928,0.013197599624634768,1.4197783890616016,0.002949523267454684,0.00288091977368239,0.010034697996545031,0.010120477512236997,0.16415804940104786,0.8262808755506919,0.2590664796952119,0.19231665847065194,4.2964602344980145,0.01508237513242347,0.013553907701728433,1.0795180761250485,1,1.622539770699216,1,1.4581094888141204,1,18811,19999,0.9405970298514926,0.9375
noncommuting,5,1000,20000,33,20260919,4f54c118ed1f9ad5bd3880573ed1c827d4a71879a1f906c68569872516aaa7c1,0.05,1.0,1.0,0.16000000000000003,0.8000000000000002,5.0,0.009295534941447928,0.013197599624634768,1.4197783890616016,0.003411805549464989,0.003429275332378235,0.009999473181887618,0.010085252469328647,0.16294546845221555,0.8204312124922775,0.2562875240980833,0.19095776607756984,4.296401394636164,0.015033572989973569,0.01356833146960169,1.07572864228619,1,1.617289707872568,1,1.4596611765829377,1,18738,19999,0.9369468473423671,0.9375
noncommuting,5,1000,20000,34,20260919,0922fc5c0760bbffa1fd2ac35e3efbba2fd9c41a7dd1ab85d9c6bb1bf4fd8b47,0.05,1.0,1.0,0.16000000000000003,0.8000000000000002,5.0,0.009295534941447928,0.013197599624634768,1.4197783890616016,0.003896448221352294,0.003836844945331579,0.010000384693919713,0.010086218870050765,0.16278282051851045,0.822753402131871,0.25768197922719943,0.19086863453957884,4.310574150208339,0.01502701318641789,0.013589840726023397,1.0758267014121936,1,1.6165840138380667,1,1.4619751108058943,1,18801,19999,0.9400970048502425,0.9375
noncommuting,5,1000,20000,35,20260919,4417c2e15a48bc2dda2687bb4cd325200c65f4e4e388bc72e7aa3c52024cd3a9,0.05,1.0,1.0,0.16000000000000003,0.8000000000000002,5.0,0.009295534941447928,0.013197599624634768,1.4197783890616016,0.005335964649671218,0.005354936969273683,0.00999337659312142,0.010079129338996832,0.16278577822631754,0.8183761634956294,0.2560025340326644,0.19078302643341477,4.289564846489376,0.015027132503883909,0.013596069342478194,1.0750727802185844,1,1.6165968498358625,1,1.4626451762183779,1,18768,19999,0.9384469223461173,0.9375
noncommuting,5,1000,20000,36,20260919,4ef95c3f825685008ab750ba9bca499a3156300ba1770ce9b300353146728633,0.05,1.0,1.0,0.16000000000000003,0.8000000000000002,5.0,0.009295534941447928,0.013197599624634768,1.4197783890616016,0.00479264657957521,0.0045555613966392645,0.010027580133427102,0.010113259924676304,0.16425798861177512,0.8211478703296554,0.25626226558736054,0.1922689527536208,4.270829265824831,0.01508638928384196,0.013665890223398801,1.078752346862261,1,1.62297160721468,1,1.4701564040670607,1,18696,19999,0.9348467423371168,0.9375
noncommuting,5,1000,20000,37,20260919,cec8fba03b23e223b9a155d834c4cf63e13eccda0bf4255bfabb625f65e91b4c,0.05,1.0,1.0,0.16000000000000003,0.8000000000000002,5.0,0.009295534941447928,0.013197599624634768,1.4197783890616016,0.003027209856646112,0.002979906390731079,0.0099761256937169,0.01006198785506793,0.16191644680683923,0.8198360485756049,0.25522813015313445,0.18987275885074575,4.317818172221627,0.014992015848794716,0.013623949534275176,1.073216953790823,1,1.6128190516445384,1,1.465644486314311,1,18744,19999,0.9372468623431172,0.9375
noncommuting,5,1000,20000,38,20260919,286ec2b2ec0973f37968f3d8d6cb94d5ef50cd059b18f458af42902de1d718ba,0.05,1.0,1.0,0.16000000000000003,0.8000000000000002,5.0,0.009295534941447928,0.013197599624634768,1.4197783890616016,0.005157507754789303,0.005083222871805291,0.010013008849858975,0.010098700406923736,0.16369240399077908,0.8192063703097763,0.2558007931290696,0.19167899383858547,4.273845317654563,0.015063655920940734,0.013600857275663228,1.077184789571593,1,1.6205259854140606,1,1.4631602550401126,1,18727,19999,0.9363968198409921,0.9375
noncommuting,5,1000,20000,39,20260919,d5388884321ebf768f54f8afd9241df2c9bd8106526b6ffcce8a2c357f9892a6,0.05,1.0,1.0,0.16000000000000003,0.8000000000000002,5.0,0.009295534941447928,0.013197599624634768,1.4197783890616016,0.0026971775419044955,0.0026827243875736577,0.009982870905605712,0.010068681212397653,0.1621760481380614,0.8189075867404466,0.25743250715842353,0.19024872449974586,4.304405135402317,0.015002512299534336,0.013543834415567129,1.0739425937815603,1,1.6139482444027535,1,1.457025819479891,1,18803,19999,0.9401970098504925,0.9375
noncommuting,10,1000,20000,0,20260919,59b3ad258718094d2bb17d10ade2a9a61714bd4fbf6e252abe3dfb02476beea6,0.05,1.0,1.0,0.09000000000000001,0.9,9.999999999999998,0.007443098234494249,0.009942352363197309,1.3357814246116666,0.003317298704850235,0.0032686013367907055,0.008553267517920874,0.00864772864585292,0.09297201406383902,0.9131606023772336,0.3656203543499228,0.12624488525902575,7.233248305494802,0.011818946252687366,0.010303218186485743,1.1491541893511044,1,1.5879067936942863,1,1.3842647056217223,1,15012,19999,0.7506375318765939,0.751953125
noncommuting,10,1000,20000,1,20260919,70c9e173af678417b05b9886d76c4c4395f1deb330b50dc5bf0932ff683348d4,0.05,1.0,1.0,0.09000000000000001,0.9,9.999999999999998,0.007443098234494249,0.009942352363197309,1.3357814246116666,0.003942882331972792,0.0038916359644824124,0.008558273944608919,0.008652716600287111,0.09310054213785864,0.9134117306519728,0.3666670012640588,0.1264196415857887,7.225235882607128,0.011825804716834837,0.010352582628854015,1.1498268160624976,1,1.5888282465532162,1,1.3908969494552779,1,15043,19999,0.752187609380469,0.751953125
noncommuting,10,1000,20000,2,20260919,a00eeca0658d81a901f9a312255d3a6def140086289b47c04dca141cee6a48de,0.05,1.0,1.0,0.09000000000000001,0.9,9.999999999999998,0.007443098234494249,0.009942352363197309,1.3357814246116666,0.0034390313705727144,0.0034304404914189896,0.008551574241361128,0.008646073999152753,0.09282183675775733,0.9145308146326696,0.3666822382684545,0.12614160870540805,7.250032911570606,0.011810926542283015,0.010333953432431781,1.148926693151753,1,1.5868293243190756,1,1.388394067478536,1,14920,19999,0.7460373018650932,0.751953125
noncommuting,10,1000,20000,3,20260919,c9d44b4320edad671c1cfba4b9d6bbedc224b46d6652b8c959fdb46d8d5b002f,0.05,1.0,1.0,0.09000000000000001,0.9,9.999999999999998,0.007443098234494249,0.009942352363197309,1.3357814246116666,0.003437509287603584,0.0034488125195865377,0.008542987524780396,0.008637509936090044,0.09260068161585838,0.9136920865727808,0.36519491541197346,0.12585474313195563,7.259893936733055,0.011799104680161996,0.010386990978159804,1.1477730449920474,1,1.585241025770733,1,1.3955198024960085,1,15043,19999,0.752187609380469,0.751953125
noncommuting,10,1000,20000,4,20260919,a9f09076dfc00e9adeb3a247d22d43e384e766b87eb8c246d8f75b7982846c1c,0.05,1.0,1.0,0.09000000000000001,0.9,9.999999999999998,0.007443098234494249,0.009942352363197309,1.3357814246116666,0.0033680557414640434,0.003429913518775659,0.008543218214991816,0.00863771710801667,0.09261703200699636,0.9126856825000818,0.3657049217356568,0.1258936408256902,7.249656746076379,0.011799979174287526,0.010404365335025768,1.1478040388341482,1,1.5853585163771955,1,1.3978540934483226,1,15060,19999,0.7530376518825941,0.751953125
noncommuting,10,1000,20000,5,20260919,f34c3988784267bacacdb85efaba1a0d731ffae06f429616cd42bc2c89ce8293,0.05,1.0,1.0,0.09000000000000001,0.9,9.999999999999998,0.007443098234494249,0.009942352363197309,1.3357814246116666,0.0035507680511010884,0.003568209295708951,0.008542882572847313,0.008637360635924829,0.09262555629355719,0.9116787504832136,0.3659277915256803,0.125912013215417,7.240601807577049,0.011800435061730197,0.01038054877008155,1.1477589444213203,1,1.5854197660649343,1,1.3946542747446216,1,14996,19999,0.7498374918745937,0.751953125
noncommuting,10,1000,20000,6,20260919,e953928826ba9230f5d228bcdc6191b489e482d37118a4d0f92113a9b5ec7a2c,0.05,1.0,1.0,0.09000000000000001,0.9,9.999999999999998,0.007443098234494249,0.009942352363197309,1.3357814246116666,0.003842297030255436,0.003924616984002487,0.008570415751990463,0.008664777926296016,0.09363461762561444,0.9124163728081846,0.3652961358949622,0.12689315533564915,7.190430172492147,0.011854253261229903,0.01040418400601575,1.1514581001056496,1,1.5926503839883,1,1.397829731414623,1,15042,19999,0.752137606880344,0.751953125
noncommuting,10,1000,20000,7,20260919,b27c9d36dad5932d4438381a28e958eb86e0f8b7ec0d5d591d18367868190b2d,0.05,1.0,1.0,0.09000000000000001,0.9,9.999999999999998,0.007443098234494249,0.009942352363197309,1.3357814246116666,0.003489202315653671,0.003457260805659977,0.008557255068768007,0.008651679584363314,0.09316892056619537,0.9123776047172083,0.3649925110021389,0.12641402945019542,7.217376177987164,0.01182945157018757,0.010304219491396241,1.149689927389419,1,1.5893182109790291,1,1.3843992335936706,1,14998,19999,0.7499374968748438,0.751953125
noncommuting,10,1000,20000,8,20260919,bfa3517ec1a00808b254da8cc4203072767f3d5a9be9e69e7360f0bc00a6c6b6,0.05,1.0,1.0,0.09000000000000001,0.9,9.999999999999998,0.007443098234494249,0.009942352363197309,1.3357814246116666,0.0031946315085116745,0.003182620679098306,0.008551816756007103,0.00864630917341902,0.09289320246749234,0.9142531534293701,0.3654572062133939,0.1261588617853365,7.246840534951894,0.011814738394623596,0.010355911798515874,1.1489592756380154,1,1.5873414567967736,1,1.3913442322341656,1,15031,19999,0.7515875793789689,0.751953125
noncommuting,10,1000,20000,9,20260919,b7da96c7e55c7a386480ee11560fc9acb5fe15b99e4a97ae978823052004a0fb,0.05,1.0,1.0,0.09000000000000001,0.9,9.999999999999998,0.007443098234494249,0.009942352363197309,1.3357814246116666,0.0031677864189164975,0.0031271525456717433,0.00854417812733148,0.008638703810283909,0.09260066986104083,0.914096707086315,0.3658969281171245,0.1258857631788305,7.261319183391451,0.011799104051432512,0.010372220337754113,1.1479330056043588,1,1.5852409412992585,1,1.3935353277597704,1,15037,19999,0.751887594379719,0.751953125
noncommuting,10,1000,20000,10,20260919,12690c0dbb0d8b9f4248b63a11be3cde9aebd596a72a6320a470dab66c2dc9b1,0.05,1.0,1.0,0.09000000000000001,0.9,9.999999999999998,0.007443098234494249,0.009942352363197309,1.3357814246116666,0.0035334740079742905,0.0034768292091298986,0.008542890150653015,0.008637371063374599,0.09270398817367057,0.9118081600996347,0.3640721421639115,0.12590835650564303,7.241839901696825,0.0118046286937088,0.010349717748563683,1.1477599625196262,1,1.585983191650152,1,1.3905120451855673,1,15149,19999,0.7574878743937197,0.751953125
noncommuting,10,1000,20000,11,20260919,170ea729a1bf0f4705ae9d25f36c2955b4d8f867f55d0f063107977e5f6109d5,0.05,1.0,1.0,0.09000000000000001,0.9,9.999999999999998,0.007443098234494249,0.009942352363197309,1.3357814246116666,0.0038864315298187384,0.003895031772007487,0.008569406490294518,0.008663800114834676,0.09357289330745609,0.9136107738053467,0.36503153792438253,0.12681972860032392,7.204011425419603,0.011850969552091669,0.010423303124563623,1.1513225031184613,1,1.5922092089514024,1,1.40039843572908,1,15003,19999,0.7501875093754687,0.751953125
noncommuting,10,1000,20000,12,20260919,a7ac64bc53997a99a1da586e06d604dc7e5205fa8946dc251412c883da12f355,0.05,1.0,1.0,0.09000000000000001,0.9,9.999999999999998,0.007443098234494249,0.009942352363197309,1.3357814246116666,0.004137316610159391,0.00409483317635412,0.008558040398204505,0.00865252613082735,0.09304554308996717,0.9152982602613312,0.3664201602223299,0.1263537460257272,7.243934501751655,0.01182287045927957,0.010331225239083756,1.1497954384832885,1,1.588434021263851,1,1.3880275274622587,1,14996,19999,0.7498374918745937,0.751953125
noncommuting,10,1000,20000,13,20260919,b8bd56d87ae729c70e240812b1241543c2bd9f6f1cf41aca075543ab6db5878b,0.05,1.0,1.0,0.09000000000000001,0.9,9.999999999999998,0.007443098234494249,0.009942352363197309,1.3357814246116666,0.00423453974806233,0.00420637620474848,0.008574491945820058,0.008668866787810923,0.09371245138635183,0.9138631694383083,0.3659027960641471,0.1269978039656251,7.19589741634955,0.01185839244379297,0.01033789436627104,1.1520057475638954,1,1.5932064941500448,1,1.3889235423981328,1,15027,19999,0.751387569378469,0.751953125
noncommuting,10,1000,20000,14,20260919,6983f5e91427678d1b71999780fe9be73e81c436e908fd0ee399427404a079c0,0.05,1.0,1.0,0.09000000000000001,0.9,9.999999999999998,0.007443098234494249,0.009942352363197309,1.3357814246116666,0.004030086595634264,0.004088813972195288,0.008573205759216197,0.008667589507606759,0.0936914850349186,0.9139861382363469,0.3652285973734635,0.12694703611080863,7.199743816299525,0.011857277626963564,0.010414528406373434,1.1518329449804363,1,1.5930567155505577,1,1.3992195290542326,1,15110,19999,0.7555377768888445,0.751953125
noncommuting,10,1000,20000,15,20260919,b21b90090ccfc929084b343ad5fa9efd5c018876b669a665fb89e8be17fbf8ec,0.05,1.0,1.0,0.09000000000000001,0.9,9.999999999999998,0.007443098234494249,0.009942352363197309,1.3357814246116666,0.0024592266158159175,0.0024633079985394834,0.008525098252533978,0.008619666971650114,0.09198009473940745,0.9119014378964418,0.36577001022903616,0.12525957997899137,7.280093371296524,0.01176585557390781,0.010353980815193824,1.1453695737919076,1,1.5807739201103381,1,1.391084799500482,1,15023,19999,0.7511875593779689,0.751953125
noncommuting,10,1000,20000,16,20260919,6b88a39900fd1672916bd0da5a1c490a148b7c097b0bd55be706913b10a5f7aa,0.05,1.0,1.0,0.09000000000000001,0.9,9.999999999999998,0.007443098234494249,0.009942352363197309,1.3357814246116666,0.003525369253627816,0.0035371426423165208,0.008559821676658967,0.00865430852411441,0.09310423538820413,0.9157337827155588,0.36626105477468274,0.12640541285269088,7.244419064417184,0.01182600172460086,0.010357210428447661,1.1500347579707308,1,1.5888547150693926,1,1.3915187066117531,1,15011,19999,0.7505875293764688,0.751953125
noncommuting,10,1000,20000,17,20260919,7299b6cd54bf20ea253904a0cc12e78684804c051acc4f5663af80d301f0cf8a,0.05,1.0,1.0,0.09000000000000001,0.9,9.999999999999998,0.007443098234494249,0.009942352363197309,1.3357814246116666,0.0028457886305130417,0.0028483325567755604,0.00854160848330064,0.008636150660748607,0.09252869468541806,0.9142822553600337,0.36528561511107605,0.12578676717197015,7.268509048412597,0.011795253569452619,0.010327211026016301,1.147587767109597,1,1.584723618827005,1,1.3874882072838886,1,14947,19999,0.7473873693684684,0.751953125
noncommuting,10,1000,20000,18,20260919,6f536ddc34775aa78b43f4135fbc45eb1b73cd81657745d418e701cdb96ca7b3,0.05,1.0,1.0,0.09000000000000001,0.9,9.999999999999998,0.007443098234494249,0.009942352363197309,1.3357814246116666,0.0036211099935708163,0.0036565948798281222,0.008556849903087645,0.008651268039463833,0.09318289540849145,0.9120041187704202,0.3646004565191021,0.1264106561069343,7.214614233146061,0.011830196731176374,0.0104354254211773,1.14963549230505,1,1.5894183253353533,1,1.4020270984487921,1,14968,19999,0.7484374218710935,0.751953125
noncommuting,10,1000,20000,19,20260919,4ed8be4ae950e5eb6a6c0c0c2d116ccba2c9b72779cd1e90752e0b3bf4521733,0.05,1.0,1.0,0.09000000000000001,0.9,9.999999999999998,0.007443098234494249,0.009942352363197309,1.3357814246116666,0.003637086960824435,0.003574278015309233,0.008568987973171675,0.008663407531852367,0.09347119085326651,0.9146862270689764,0.3662436032784415,0.12677159763540655,7.215229942116861,0.011845556658749421,0.010355170680911133,1.1512662742323634,1,1.5914819723663522,1,1.3912446611172204,1,14972,19999,0.7486374318715936,0.751953125
noncommuting,10,1000,20000,20,20260919,885750e37d3670be6183bf441509db55a4c07726ebceacd8536a3e36d1e2ad92,0.05,1.0,1.0,0.09000000000000001,0.9,9.999999999999998,0.007443098234494249,0.009942352363197309,1.3357814246116666,0.003234223203514941,0.0032549182491955347,0.008529556300548982,0.008624096557704356,0.09222085136061621,0.9115890363963838,0.3641955557204951,0.12543068563792958,7.267671636809773,0.011778767838394365,0.010356558382221095,1.1459685243733124,1,1.5825087171101566,1,1.39143110247084,1,15069,19999,0.7534876743837192,0.751953125
noncommuting,10,1000,20000,21,20260919,1ad60ab12e7953bb88213e3e0b1a60e68b382cb9498d14369e5fcc83ff54081d,0.05,1.0,1.0,0.09000000000000001,0.9,9.999999999999998,0.007443098234494249,0.009942352363197309,1.3357814246116666,0.0041885289254223,0.004173681047862559,0.008551645708072946,0.008646074151612209,0.09306513103859736,0.9113445244554238,0.363432070395534,0.12624113593094607,7.219077345390249,0.011823915596524962,0.010347668044312999,1.148936294894141,1,1.5885744382263127,1,1.3902366619800648,1,15086,19999,0.7543377168858443,0.751953125
noncommuting,10,1000,20000,22,20260919,b5aa43b72fb2bbe54441bef897395d404dd49f452aabf5cdd0ead8a099b08800,0.05,1.0,1.0,0.09000000000000001,0.9,9.999999999999998,0.007443098234494249,0.009942352363197309,1.3357814246116666,0.003310664912433121,0.0032904358547732287,0.008565373530397042,0.008659792543842464,0.09338721781995905,0.9138816554133593,0.3657140733579859,0.126664231086856,7.214993906106718,0.011841085155628482,0.01030941694720096,1.150780664253728,1,1.5908812140557582,1,1.3850975255738345,1,14983,19999,0.7491874593729686,0.751953125
noncommuting,10,1000,20000,23,20260919,8f0bcfdef055fd22316905edd5578fb5e2c3256ff2bb7dbdee785ea97ed9110e,0.05,1.0,1.0,0.09000000000000001,0.9,9.999999999999998,0.007443098234494249,0.009942352363197309,1.3357814246116666,0.004595373405921084,0.004546982751548154,0.008560746774587463,0.008655184351081978,0.09321650841922853,0.9137172945007211,0.3658714960207956,0.1265004780554284,7.223034320078694,0.011831988801984647,0.010400749740343355,1.150159047332412,1,1.5896590948041704,1,1.39736832870782,1,14998,19999,0.7499374968748438,0.751953125
noncommuting,10,1000,20000,24,20260919,26c4af381054954339fc8d75d3580a217ed17b7b6ed7280d2c538e0005aa00d9,0.05,1.0,1.0,0.09000000000000001,0.9,9.999999999999998,0.007443098234494249,0.009942352363197309,1.3357814246116666,0.0036756301985661553,0.0036388658784966017,0.008559136803043531,0.008653603544850265,0.09310613357805071,0.9146807534464403,0.3663776565724997,0.12641245986900904,7.2356851088433025,0.01182610297756007,0.010373333341081316,1.1499427433830067,1,1.5888683186731636,1,1.393684862710424,1,14997,19999,0.7498874943747187,0.751953125
noncommuting,10,1000,20000,25,20260919,3a0ee34220a4b4a179f64d15b821b7ffd4c0406499c6dea003b173bda7564923,0.05,1.0,1.0,0.09000000000000001,0.9,9.999999999999998,0.007443098234494249,0.009942352363197309,1.3357814246116666,0.0035709578505404216,0.00358968390319472,0.008550055865738298,0.00864448722486303,0.09295036578359943,0.9111325353692818,0.3648618463584512,0.1261896938678411,7.220340326076978,0.0118177905993545,0.0103606570758423,1.1487226953574214,1,1.5877515286021893,1,1.3919817728357975,1,15018,19999,0.7509375468773438,0.751953125
noncommuting,10,1000,20000,26,20260919,0ef40f5b6c747544ebbe6e32ae1c03d24ec6d6eb67cc9e9b7c134fedfa016172,0.05,1.0,1.0,0.09000000000000001,0.9,9.999999999999998,0.007443098234494249,0.009942352363197309,1.3357814246116666,0.0040497384646728,0.003983921996027829,0.008561803631265867,0.008656253392431146,0.0932478830600388,0.914493217284568,0.365498654483134,0.12651537472929814,7.228316868533068,0.01183366124303553,0.010388519460759464,1.1503010388317996,1,1.5898837916976136,1,1.3957251581894987,1,15058,19999,0.7529376468823441,0.751953125
noncommuting,10,1000,20000,27,20260919,2f27fcb133926741c8b6413909de3758c0ae2107411a950e1e1acd25cf96ad41,0.05,1.0,1.0,0.09000000000000001,0.9,9.999999999999998,0.007443098234494249,0.009942352363197309,1.3357814246116666,0.0032021778685571447,0.0032054629267299455,0.008555499201891118,0.008650020132537328,0.09287301683689468,0.9163336039124492,0.3675214704830805,0.12622980754465765,7.259248997811141,0.011813660369307845,0.010312753815040166,1.14945402201486,1,1.5871966212347821,1,1.3855458426232778,1,15068,19999,0.7534376718835942,0.751953125
noncommuting,10,1000,20000,28,20260919,2eb2a60ab4287300eccdc26aa271b8b9f361ee7ab30ed93caeee255e21422390,0.05,1.0,1.0,0.09000000000000001,0.9,9.999999999999998,0.007443098234494249,0.009942352363197309,1.3357814246116666,0.0036376958218574803,0.0036221697702409003,0.008563363031532462,0.008657827701280823,0.09327204128620677,0.915501048478101,0.3655444860783973,0.1265415589646488,7.2347855990446535,0.011834948817744129,0.010379140771843737,1.1505105483958904,1,1.590056780776628,1,1.394465106444882,1,15046,19999,0.752337616880844,0.751953125
noncommuting,10,1000,20000,29,20260919,81de2ddd0951432639ce46eedaa6309c13e0378a7c0d87f817235ef9ec91affa,0.05,1.0,1.0,0.09000000000000001,0.9,9.999999999999998,0.007443098234494249,0.009942352363197309,1.3357814246116666,0.0036898517642926652,0.0036840402602088336,0.008554663905117095,0.008649139563514902,0.09301263559214475,0.9141150929509378,0.3651952788777744,0.12626671318261437,7.239557203242399,0.011821114394675142,0.010409981825670383,1.149341797676593,1,1.5881980893240724,1,1.3986086838712442,1,15078,19999,0.7539376968848442,0.751953125
noncommuting,10,1000,20000,30,20260919,42debe8b8f3fbfbaf061cb5251496a40358b1af80a8bdf648276e07d6f5f2029,0.05,1.0,1.0,0.09000000000000001,0.9,9.999999999999998,0.007443098234494249,0.009942352363197309,1.3357814246116666,0.003027810092700168,0.003017749039831081,0.00853608226380228,0.008630615857626072,0.09235610323632626,0.9127009546622481,0.365731782612973,0.12563389913438802,7.26476660320755,0.011786014276662407,0.0103506317855795,1.146845304854733,1,1.5834822953217753,1,1.390634848484277,1,15045,19999,0.752287614380719,0.751953125
noncommuting,10,1000,20000,31,20260919,8f41c7121f55bd10d853c3eee100db5bc2cfc127f91281fbd37f3826252186a9,0.05,1.0,1.0,0.09000000000000001,0.9,9.999999999999998,0.007443098234494249,0.009942352363197309,1.3357814246116666,0.003130214980371246,0.00315380926141861,0.008537951409541755,0.008632453383922812,0.09250150780880324,0.9116862786821416,0.364674322410436,0.12573253774333648,7.250997196471196,0.011793798753634972,0.01033189578787515,1.1470964295450952,1,1.5845281604611723,1,1.388117617471858,1,15097,19999,0.7548877443872194,0.751953125
noncommuting,10,1000,20000,32,20260919,9bb95d067d34a830fc1e731e809063e6583c149170709724b6a768e018dd3786,0.05,1.0,1.0,0.09000000000000001,0.9,9.999999999999998,0.007443098234494249,0.009942352363197309,1.3357814246116666,0.002872131774693249,0.002840684313549325,0.008538221811799177,0.00863276258035987,0.09247262107171997,0.9134859740763996,0.36431713852212333,0.12568783930531452,7.267894643788138,0.01179225274112566,0.010329082791231195,1.1471327588059625,1,1.5843204495778003,1,1.387739683907725,1,15103,19999,0.7551877593879694,0.751953125
noncommuting,10,1000,20000,33,20260919,8daf0c92a6480f36d9bf5cec71816c1dfaad806f0fd0a50c1a887158e293d43c,0.05,1.0,1.0,0.09000000000000001,0.9,9.999999999999998,0.007443098234494249,0.009942352363197309,1.3357814246116666,0.004230073642274159,0.004270402659145739,0.00855936541286135,0.008653817568239955,0.0931954461532231,0.9140742422755578,0.36496294451234057,0.12643924706197285,7.229355311073104,0.01183086590937634,0.010377646884510143,1.1499734577187064,1,1.589508231202357,1,1.3942643987171954,1,14997,19999,0.7498874943747187,0.751953125
noncommuting,10,1000,20000,34,20260919,4cf5768980332b7a5bcfd83348b526824e8f3d16bcf6b4cbeb2fcf4b884b8ea3,0.05,1.0,1.0,0.09000000000000001,0.9,9.999999999999998,0.007443098234494249,0.009942352363197309,1.3357814246116666,0.0031569103351157357,0.00312699452895816,0.008549815201626457,0.008644279330799063,0.09286601323227565,0.91255004879061,0.3655949083407113,0.12613775970596888,7.234550945868969,0.011813286310364345,0.010338622817145291,1.1486903614953308,1,1.5871463654230604,1,1.389021411706222,1,15012,19999,0.7506375318765939,0.751953125
noncommuting,10,1000,20000,35,20260919,940e085d1821d4cd2426a1f2ad1574515abfe001fbebac7ac79e0cac8afaa29b,0.05,1.0,1.0,0.09000000000000001,0.9,9.999999999999998,0.007443098234494249,0.009942352363197309,1.3357814246116666,0.003671978588516701,0.0037088262455922966,0.008567354690440397,0.008661790408602873,0.09336747540080545,0.9150605305345212,0.36698415811512936,0.12670056998855644,7.222228997211055,0.011840033594277898,0.01036737463773266,1.1510468383630759,1,1.590739933997716,1,1.392884295102564,1,14990,19999,0.7495374768738436,0.751953125
noncommuting,10,1000,20000,36,20260919,a90c00ebb02c7258703c964578c92376eb23537a7b328e362a618b30ca9f4c71,0.05,1.0,1.0,0.09000000000000001,0.9,9.999999999999998,0.007443098234494249,0.009942352363197309,1.3357814246116666,0.004522840262473319,0.004527833296235084,0.008569083771992388,0.008663483510449158,0.09350064057097048,0.9138158702302449,0.3662578051424471,0.12680167452856908,7.206654593700633,0.011847124359099986,0.010388265032906336,1.1512791450581532,1,1.591692597068751,1,1.3956909751322406,1,15057,19999,0.7528876443822191,0.751953125
noncommuting,10,1000,20000,37,20260919,ec467c890d7945acff6fff7d63b51b2ea744d567742b00230755e6c6e5edb24e,0.05,1.0,1.0,0.09000000000000001,0.9,9.999999999999998,0.007443098234494249,0.009942352363197309,1.3357814246116666,0.0035484598348490075,0.003548312441837029,0.008552849374076046,0.008647375203159528,0.09278079396460817,0.9159803914785828,0.3676686100755977,0.1261440706832115,7.261382849923286,0.011808733662333147,0.010292561798686137,1.1490980106158981,1,1.586534705078434,1,1.3828329916413504,1,15012,19999,0.7506375318765939,0.751953125
noncommuting,10,1000,20000,38,20260919,6f5aceeb2f93bfbceea989c5ddca38508ff7f5d4e17504dd6d4fc98b6d82c635,0.05,1.0,1.0,0.09000000000000001,0.9,9.999999999999998,0.007443098234494249,0.009942352363197309,1.3357814246116666,0.0031662476801705168,0.0031286689744702305,0.008544609232953962,0.0086391452248366,0.09256234122687333,0.9146536352993718,0.36673797195768065,0.12588457291503424,7.265811958679933,0.011797053756975484,0.010369684442701027,1.14799092578879,1,1.5849654787979675,1,1.393194623529732,1,14887,19999,0.7443872193609681,0.751953125
noncommuting,10,1000,20000,39,20260919,f52a0d544329f2c684d465226ab3a30f66362f838dfa373594d6fcbf1836bf46,0.05,1.0,1.0,0.09000000000000001,0.9,9.999999999999998,0.007443098234494249,0.009942352363197309,1.3357814246116666,0.003972876984685791,0.0039783541536394205,0.00856594638779496,0.008660369579779415,0.09340998249507253,0.9141930854324238,0.3654569897039686,0.1266756322411623,7.216803020899892,0.011842297556626108,0.010455843049495355,1.1508576291653643,1,1.5910441033472105,1,1.4047702609968065,1,15058,19999,0.7529376468823441,0.751953125
noncommuting,20,1000,20000,0,20260919,9fa82540462b3ac446cc71c1cecc2766e7d9352bc35da2dcd1e1b2684cac37f9,0.05,1.0000000000000002,1.0000000000000004,0.047500000000000014,0.9500000000000002,19.999999999999996,0.005746293131815947,0.00727125750330664,1.2653822797600256,0.0028536746948721325,0.0028820502771882937,0.007358514676159131,0.007460127412522904,0.050022369441222445,0.9596010859927291,0.4386928463023254,0.08637799362616948,11.109323633351954,0.009173846086013798,0.007702843005551046,1.2805672295791304,1,1.5964807007878268,1,1.3404890472611148,1,16487,19999,0.824391219560978,0.8238010406494141
noncommuting,20,1000,20000,1,20260919,74b110117b7801f6e6aae62b893dc321e684651d1ea669a50cbdca6baadcd503,0.05,1.0000000000000002,1.0000000000000004,0.047500000000000014,0.9500000000000002,19.999999999999996,0.005746293131815947,0.00727125750330664,1.2653822797600256,0.0028895212236699523,0.0028821606404807053,0.007373555633080024,0.0074751114392499155,0.0503841888454301,0.9608505916242165,0.4398483400592595,0.08678640752145496,11.071441013233313,0.009200129485000614,0.007706143544894778,1.28318473560882,1,1.6010546754152766,1,1.3410634243887727,1,16399,19999,0.8199909995499775,0.8238010406494141
noncommuting,20,1000,20000,2,20260919,905aacc0aa2427b12e61df2188b2a7c5db65e747e4cbc8193829f6381dc93b04,0.05,1.0000000000000002,1.0000000000000004,0.047500000000000014,0.9500000000000002,19.999999999999996,0.005746293131815947,0.00727125750330664,1.2653822797600256,0.0025573655946310877,0.0025527426153401198,0.007358022032008272,0.007459658598290534,0.04996073521179775,0.9606120400868647,0.4394140724531726,0.08634544953202423,11.125219050838204,0.009169359368870113,0.007691757108726768,1.2804814970660896,1,1.5956998987923903,1,1.3385598214854755,1,16434,19999,0.8217410870543527,0.8238010406494141
noncommuting,20,1000,20000,3,20260919,6179ed1c86db8794f22e404122851eb446e2c8c2581851752daf032aa8c08e4b,0.05,1.0000000000000002,1.0000000000000004,0.047500000000000014,0.9500000000000002,19.999999999999996,0.005746293131815947,0.00727125750330664,1.2653822797600256,0.0028462794007642848,0.0028361279399769404,0.0073642651696846926,0.007465838559602806,0.05021559715528212,0.9592379935057442,0.4381520670887199,0.08654939371163474,11.08312782296007,0.009187894377273464,0.0076742591936156375,1.2815679605536296,1,1.5989254579447292,1,1.3355147427347505,1,16517,19999,0.8258912945647282,0.8238010406494141
noncommuting,20,1000,20000,4,20260919,213810f135296b69d27372a9b8949f5777d9dd65ee54064598b00cde6029517b,0.05,1.0000000000000002,1.0000000000000004,0.047500000000000014,0.9500000000000002,19.999999999999996,0.005746293131815947,0.00727125750330664,1.2653822797600256,0.0025273706065592383,0.0025186385124112897,0.007353882641654428,0.00745553344713872,0.04986994972042054,0.9601982153673065,0.4389152361709347,0.08623454638813725,11.13472796674205,0.00916274551679869,0.0077038605989848095,1.279761138696113,1,1.5945489216459576,1,1.340666134195321,1,16451,19999,0.8225911295564778,0.8238010406494141
noncommuting,20,1000,20000,5,20260919,15cdbe0fa43ef8a02cf34f45c361699aa592b7ec3a8c7d600df3b228d99932ba,0.05,1.0000000000000002,1.0000000000000004,0.047500000000000014,0.9500000000000002,19.999999999999996,0.005746293131815947,0.00727125750330664,1.2653822797600256,0.002632935556725151,0.002636708531415532,0.007352887300546223,0.00745452373700246,0.049927125628731375,0.9592468204951486,0.4372234135209359,0.08622340722037887,11.125132390597887,0.009166911564059976,0.0076777024807536615,1.2795879242280424,1,1.5952739189904577,1,1.3361139615805415,1,16557,19999,0.8278913945697285,0.8238010406494141
noncommuting,20,1000,20000,6,20260919,c5c6e024253876d4b560b9d1a0a4e3fb0837d1125fbe8f54bcbae36db9daca73,0.05,1.0000000000000002,1.0000000000000004,0.047500000000000014,0.9500000000000002,19.999999999999996,0.005746293131815947,0.00727125750330664,1.2653822797600256,0.003033254596756379,0.003007262055148533,0.0073706736547196885,0.0074722452382081335,0.05032130873188641,0.9608449934157879,0.4393585841955204,0.08670378582147034,11.081926634602098,0.009195568519811017,0.007691742786032008,1.2826831986537388,1,1.6002609523863653,1,1.3385573289751858,1,16389,19999,0.8194909745487274,0.8238010406494141
noncommuting,20,1000,20000,7,20260919,47d37db5883174edbd5fbf2e085f19159aa50647362b8fef43edda1f821f98ea,0.05,1.0000000000000002,1.0000000000000004,0.047500000000000014,0.9500000000000002,19.999999999999996,0.005746293131815947,0.00727125750330664,1.2653822797600256,0.0032125671547316506,0.0031916811096576064,0.007359683194032105,0.007461323365707578,0.04995489246620327,0.9612247728486003,0.44046213467944545,0.08638183709911372,11.127625958518339,0.009168933897565143,0.00769043089758457,1.2807705811740053,1,1.5956258560494931,1,1.3383290272827129,1,16359,19999,0.8179908995449773,0.8238010406494141
noncommuting,20,1000,20000,8,20260919,1f8970efb112559fcb0c1462d99332773bb01ae6a57b98a0bae9d1a398963f99,0.05,1.0000000000000002,1.0000000000000004,0.047500000000000014,0.9500000000000002,19.999999999999996,0.005746293131815947,0.00727125750330664,1.2653822797600256,0.0026321802498443397,0.002627774711259809,0.0073469549352982175,0.007448628685289106,0.04969195485419352,0.9594622434810016,0.4387505033125909,0.0860499054719505,11.150067373330879,0.009149760842482944,0.007669707667507495,1.2785555429847049,1,1.5922892606753307,1,1.3347226623441868,1,16528,19999,0.8264413220661033,0.8238010406494141
noncommuting,20,1000,20000,9,20260919,3c9e16755e96c8085c3c8e37c7941a2809973ee8735d08a96eccc9683d55c1b1,0.05,1.0000000000000002,1.0000000000000004,0.047500000000000014,0.9500000000000002,19.999999999999996,0.005746293131815947,0.00727125750330664,1.2653822797600256,0.0030100564892328327,0.003023374957077312,0.007358717156220641,0.007460326902864337,0.05004489881271139,0.9595115272703025,0.4383188013757009,0.08638542674915765,11.107330986006373,0.009175485441226334,0.0077022917347057945,1.280602466218972,1,1.5967659899603297,1,1.3403931122239343,1,16542,19999,0.8271413570678534,0.8238010406494141
noncommuting,20,1000,20000,10,20260919,a80b30cc7994732a068976a8fa80dac07d8662decace06c35704ab7bb34597bb,0.05,1.0000000000000002,1.0000000000000004,0.047500000000000014,0.9500000000000002,19.999999999999996,0.005746293131815947,0.00727125750330664,1.2653822797600256,0.00270968416057329,0.0026912301559769473,0.007353175670554676,0.007454797792976021,0.04991487736344849,0.9586383583892044,0.43800540307858016,0.08624275175605514,11.115581760433543,0.009166019311194474,0.007682750529624468,1.2796381078858958,1,1.5951186444778225,1,1.3369924494604684,1,16495,19999,0.8247912395619781,0.8238010406494141
noncommuting,20,1000,20000,11,20260919,35b4797fee1afef4588dd5008d4069fb734a64a1ebc720f16e3fb72a9959e928,0.05,1.0000000000000002,1.0000000000000004,0.047500000000000014,0.9500000000000002,19.999999999999996,0.005746293131815947,0.00727125750330664,1.2653822797600256,0.002826227530874726,0.0028236790670425737,0.0073660674523087066,0.007467640564772716,0.050261878515250186,0.9597008527808417,0.43807585309807984,0.08659259774141334,11.082943320937698,0.009191255170357661,0.007721190512833903,1.2818816032068447,1,1.5995103207435983,1,1.3436819764873096,1,16543,19999,0.8271913595679784,0.8238010406494141
noncommuting,20,1000,20000,12,20260919,be7f2732ab069ab54a455a0f2449d8c9cfd16105280fa9725eaf572254fe477e,0.05,1.0000000000000002,1.0000000000000004,0.047500000000000014,0.9500000000000002,19.999999999999996,0.005746293131815947,0.00727125750330664,1.2653822797600256,0.0029380978399899953,0.0029167294860018254,0.007362762029682137,0.007464369426605875,0.05010299432757015,0.9604688419100423,0.4393172877115944,0.08648380629283212,11.105765149349667,0.009179711073720903,0.007719177332081309,1.2813063762647543,1,1.5975013566389233,1,1.3433316322381714,1,16485,19999,0.8242912145607281,0.8238010406494141
noncommuting,20,1000,20000,13,20260919,4d74058b23f23b4af5df1bf25913f95e775458abb6c18d3dcc1c94fcc0366f07,0.05,1.0000000000000002,1.0000000000000004,0.047500000000000014,0.9500000000000002,19.999999999999996,0.005746293131815947,0.00727125750330664,1.2653822797600256,0.002746685013313478,0.0027436015722862423,0.007351746459070412,0.007453400648189202,0.049816853490190584,0.9597946340282818,0.43889919574323816,0.08618080307113206,11.13698874720493,0.009158874590722217,0.007713347909447318,1.2793893890246266,1,1.5938752828343485,1,1.3423171656072028,1,16480,19999,0.824041202060103,0.8238010406494141
noncommuting,20,1000,20000,14,20260919,8ca5a705337ab12e36c241008911eea198fa0461d0828d792139abf50d134578,0.05,1.0000000000000002,1.0000000000000004,0.047500000000000014,0.9500000000000002,19.999999999999996,0.005746293131815947,0.00727125750330664,1.2653822797600256,0.003066442428823769,0.003058814001173126,0.0073584593561312125,0.007460093446978689,0.04996469989013086,0.9606092000794679,0.43962754078704963,0.08635801972176514,11.123566788289402,0.009169648064322303,0.007678489225679154,1.2805576024983933,1,1.5957501390856659,1,1.3362508750493545,1,16522,19999,0.8261413070653533,0.8238010406494141
noncommuting,20,1000,20000,15,20260919,edbd50a98eca4966b8aeb54e2599e534cc634d2a9bc5b35ea335a6d473d4af09,0.05,1.0000000000000002,1.0000000000000004,0.047500000000000014,0.9500000000000002,19.999999999999996,0.005746293131815947,0.00727125750330664,1.2653822797600256,0.0029177710183068005,0.002918871343553256,0.00737097972108129,0.007472535593160118,0.05034895446095221,0.9601731572711024,0.43919603738966306,0.08672487701388586,11.071484795733586,0.009197574134300982,0.0077017109957031125,1.2827364619235686,1,1.600609979914888,1,1.3402920489837966,1,16538,19999,0.8269413470673533,0.8238010406494141
noncommuting,20,1000,20000,16,20260919,b8a7048085896a3137e19d2a0ff307d5890ce55b886c727458387053391553a5,0.05,1.0000000000000002,1.0000000000000004,0.047500000000000014,0.9500000000000002,19.999999999999996,0.005746293131815947,0.00727125750330664,1.2653822797600256,0.0027530016079715942,0.002758927354823178,0.007360970256806927,0.007462555280149173,0.05012893480321173,0.9589241014059476,0.43810178159496815,0.08646070098722523,11.09086660710316,0.009181597087681171,0.007733730944977776,1.2809945625730217,1,1.5978295706574228,1,1.3458643281105567,1,16479,19999,0.823991199559978,0.8238010406494141
noncommuting,20,1000,20000,17,20260919,f0821bc9f8d3068ba650631ecb7caf234d25243181841f48136512f432b0cda4,0.05,1.0000000000000002,1.0000000000000004,0.047500000000000014,0.9500000000000002,19.999999999999996,0.005746293131815947,0.00727125750330664,1.2653822797600256,0.002757571839062187,0.002755531518484195,0.007357628256811383,0.0074592513427963825,0.04997048160776358,0.9598620987667198,0.43923193623807644,0.08634785185003883,11.116224413245645,0.009170069050352076,0.007692740214811342,1.2804129702457803,1,1.5958234012775026,1,1.3387309067507105,1,16451,19999,0.8225911295564778,0.8238010406494141
noncommuting,20,1000,20000,18,20260919,9023ffc28847510d475c5045df25dd606c77a49694b26ee81cc637e145ed281a,0.05,1.0000000000000002,1.0000000000000004,0.047500000000000014,0.9500000000000002,19.999999999999996,0.005746293131815947,0.00727125750330664,1.2653822797600256,0.0025291050788144778,0.002519853841295822,0.007352987040291867,0.007454646446574114,0.049852945170894426,0.9603730510968361,0.43862298929696397,0.08620575045422386,11.14047550234835,0.00916150604199347,0.007695188466232863,1.2796052814604975,1,1.5943332217544295,1,1.3391569642742929,1,16469,19999,0.8234911745587279,0.8238010406494141
noncommuting,20,1000,20000,19,20260919,54cfa9f60b645e0fb39fc0b0785b03e0406f6142c0a71b96df582891ac67af10,0.05,1.0000000000000002,1.0000000000000004,0.047500000000000014,0.9500000000000002,19.999999999999996,0.005746293131815947,0.00727125750330664,1.2653822797600256,0.002894361744124556,0.002892820413141234,0.007360151785565294,0.007461744299362109,0.05012738173687131,0.959066151891028,0.4374953780750625,0.08643465404539129,11.095852265312162,0.009181484185028945,0.00771226943271907,1.2808521279246565,1,1.5978099227470854,1,1.3421294834435002,1,16490,19999,0.824541227061353,0.8238010406494141
noncommuting,20,1000,20000,20,20260919,62a0fcf6134f2accb2bbb1e6994f64c9840e0027ff6160cc1e220b3552a3bc43,0.05,1.0000000000000002,1.0000000000000004,0.047500000000000014,0.9500000000000002,19.999999999999996,0.005746293131815947,0.00727125750330664,1.2653822797600256,0.002820617392132247,0.002768931910086367,0.007361639409184514,0.0074632320442406756,0.050106532744773453,0.9594651119825924,0.4388867615946201,0.08646998071168162,11.09593299415382,0.009179968364688755,0.007708223876289365,1.2811110119713098,1,1.5975461317595012,1,1.3414254545440163,1,16594,19999,0.8297414870743537,0.8238010406494141
noncommuting,20,1000,20000,21,20260919,e210bb3d6f4c81748656366623affdae05793d2111f55b9fce5aa3702cc920aa,0.05,1.0000000000000002,1.0000000000000004,0.047500000000000014,0.9500000000000002,19.999999999999996,0.005746293131815947,0.00727125750330664,1.2653822797600256,0.0031056799894332255,0.003117803404060206,0.007360481538490074,0.007462101964062057,0.05003112737749636,0.9604896639052718,0.43947008940546906,0.0864181001015238,11.114450129971505,0.009174483403235754,0.007725233467992663,1.2809095132541577,1,1.596591610065745,1,1.3443855527000117,1,16420,19999,0.8210410520526026,0.8238010406494141
noncommuting,20,1000,20000,22,20260919,1be74d7931aa456e6b151cbbf87170a9f4e7f8126953b9b7c6903eb3c570f1b7,0.05,1.0000000000000002,1.0000000000000004,0.047500000000000014,0.9500000000000002,19.999999999999996,0.005746293131815947,0.00727125750330664,1.2653822797600256,0.002604075149667978,0.0026126119166521677,0.007353788835256036,0.007455433062701874,0.049870108098209485,0.9598583424777142,0.4389982298458985,0.08623805262431296,11.130334153755031,0.009162757060085245,0.0077110727517546536,1.2797448140157945,1,1.5945509304690875,1,1.3419212307600807,1,16360,19999,0.8180409020451023,0.8238010406494141
noncommuting,20,1000,20000,23,20260919,454709504fddcc87a83603fd4edcbb9d62d97ca054f6d7f9a55f29e0d9a9e3dd,0.05,1.0000000000000002,1.0000000000000004,0.047500000000000014,0.9500000000000002,19.999999999999996,0.005746293131815947,0.00727125750330664,1.2653822797600256,0.003141879412207976,0.0031491842156767457,0.007367503291486131,0.007469055566065176,0.05029039240568058,0.9590829080230154,0.43867022312670095,0.08664510371454122,11.069095273782416,0.009193324980678232,0.007696207531187493,1.2821314754539592,1,1.599870519966487,1,1.3393343072902606,1,16519,19999,0.8259912995649783,0.8238010406494141
noncommuting,20,1000,20000,24,20260919,461792f46a016269dba274960646c1aca61736c3baf8733bd37a62756f3c6280,0.05,1.0000000000000002,1.0000000000000004,0.047500000000000014,0.9500000000000002,19.999999999999996,0.005746293131815947,0.00727125750330664,1.2653822797600256,0.003421070952317339,0.0034367849403455306,0.007378679934077859,0.007480186791574164,0.050610931232039344,0.9598589906717678,0.4383282270688357,0.08695183966339658,11.038972773750663,0.009216552496661676,0.007719631795471888,1.2840764932829045,1,1.6039126938428665,1,1.343410720335516,1,16377,19999,0.8188909445472273,0.8238010406494141
noncommuting,20,1000,20000,25,20260919,0d05e5511419d396d2011a29d2a813c35a26816570b27dd2142f01187110eb6f,0.05,1.0000000000000002,1.0000000000000004,0.047500000000000014,0.9500000000000002,19.999999999999996,0.005746293131815947,0.00727125750330664,1.2653822797600256,0.0030183919024912636,0.0029981977339260165,0.007373339316583804,0.0074748733374675295,0.05046923646873046,0.9597500099207916,0.43808647030036973,0.08680038440699593,11.056978796552862,0.009206293829515476,0.0076903790779814475,1.283147091080207,1,1.6021274269045336,1,1.338320009364216,1,16566,19999,0.8283414170708535,0.8238010406494141
noncommuting,20,1000,20000,26,20260919,9168e66bd7c6ef3e8442584ac38b85fad91eeedf4bb14c420a4eb531fd52158d,0.05,1.0000000000000002,1.0000000000000004,0.047500000000000014,0.9500000000000002,19.999999999999996,0.005746293131815947,0.00727125750330664,1.2653822797600256,0.002879608737182131,0.002910839756365277,0.00735942974485784,0.0074610679734599915,0.04997427573532355,0.9610644805034829,0.43987334101297165,0.08637750188075452,11.1263287265502,0.009170345300123965,0.007695790138372786,1.280726474622451,1,1.5958714757083665,1,1.3392616704085123,1,16524,19999,0.8262413120656033,0.8238010406494141
noncommuting,20,1000,20000,27,20260919,3edf1b618b3e18c6bbd14a37a23a6d179ad8293148ba84c9232d7d276314816a,0.05,1.0000000000000002,1.0000000000000004,0.047500000000000014,0.9500000000000002,19.999999999999996,0.005746293131815947,0.00727125750330664,1.2653822797600256,0.0029055713497155287,0.0028721470504126986,0.007350476763502482,0.007452147075405535,0.04976524320238811,0.9602305180821304,0.43908222049666346,0.08613657548143339,11.147767515892326,0.009155110018169852,0.007650852084511519,1.2791684299578328,1,1.5932201522195317,1,1.3314413151237365,1,16317,19999,0.815890794539727,0.8238010406494141
noncommuting,20,1000,20000,28,20260919,8b42ca272d9b8761723b654aff0aed6a363c840deeacd8eeaab12c1d6c83a585,0.05,1.0000000000000002,1.0000000000000004,0.047500000000000014,0.9500000000000002,19.999999999999996,0.005746293131815947,0.00727125750330664,1.2653822797600256,0.0028101694358615877,0.0028072839784507027,0.0073441268723018404,0.007445816722737045,0.04962078579113732,0.9594837579823517,0.4385029528395335,0.08596874678449702,11.160843840000911,0.009144562572858337,0.007706888925582856,1.2780633886633879,1,1.5913846305937525,1,1.34119313943654,1,16532,19999,0.8266413320666033,0.8238010406494141
noncommuting,20,1000,20000,29,20260919,e064941acee9084b63b87a04a95674547b39173a9654e250144536de58bd2ac9,0.05,1.0000000000000002,1.0000000000000004,0.047500000000000014,0.9500000000000002,19.999999999999996,0.005746293131815947,0.00727125750330664,1.2653822797600256,0.0026888057002193095,0.0026846953710433297,0.007351687770360667,0.007453334174808524,0.049848637229902654,0.9594064374677953,0.4382451785362176,0.08618619303025515,11.13178809430649,0.00916119199927407,0.007657924143974545,1.2793791757082504,1,1.5942785703970772,1,1.3326720319181635,1,16518,19999,0.8259412970648532,0.8238010406494141
noncommuting,20,1000,20000,30,20260919,725c5f4c19cd9fbc4cbf59ee0d8b4cd04d18a028766699def3f48e5a0572cc19,0.05,1.0000000000000002,1.0000000000000004,0.047500000000000014,0.9500000000000002,19.999999999999996,0.005746293131815947,0.00727125750330664,1.2653822797600256,0.0030389984655283062,0.0030184561425237906,0.007368345502987962,0.007469914900642996,0.05024272435552106,0.9601249258719368,0.4399781201573942,0.08665017249976882,11.080473335174242,0.00918986444895032,0.007694833985133034,1.282278041506632,1,1.5992683001269263,1,1.3390952756183723,1,16410,19999,0.8205410270513526,0.8238010406494141
noncommuting,20,1000,20000,31,20260919,9075ab3020ef72ca66158ced632f7c7b4d75846e738b7c296f374920884b1118,0.05,1.0000000000000002,1.0000000000000004,0.047500000000000014,0.9500000000000002,19.999999999999996,0.005746293131815947,0.00727125750330664,1.2653822797600256,0.0028267114675735163,0.002839927294469843,0.007360949035693183,0.007462587378606364,0.04997077697392962,0.96147236922895,0.440855753141149,0.08641356897387299,11.126405038537984,0.009170090556288004,0.0077052042964839,1.2809908695637622,1,1.595827143853009,1,1.3408999714654128,1,16338,19999,0.8169408470423521,0.8238010406494141
noncommuting,20,1000,20000,32,20260919,bae91166ae383c0d787aa9b9ccc65bc341dadf821572815c4577216e4d584cff,0.05,1.0000000000000002,1.0000000000000004,0.047500000000000014,0.9500000000000002,19.999999999999996,0.005746293131815947,0.00727125750330664,1.2653822797600256,0.002686602656522974,0.0026963542141070513,0.007360993428189579,0.00746261226295073,0.05001201272156392,0.9605489066105188,0.4402814313954198,0.08643167973663345,11.11338932133928,0.009173092352921502,0.007704546367357171,1.2809985949782818,1,1.596349532210971,1,1.340785475195968,1,16384,19999,0.8192409620481024,0.8238010406494141
noncommuting,20,1000,20000,33,20260919,87490a605f462fddcb3715e6fa3d559e3230f32df4b6da4a913ed1b22c1e1fcb,0.05,1.0000000000000002,1.0000000000000004,0.047500000000000014,0.9500000000000002,19.999999999999996,0.005746293131815947,0.00727125750330664,1.2653822797600256,0.00330547168743183,0.003296976091196438,0.007367256280398154,0.0074688482295516695,0.05020585945423401,0.9609174253771677,0.43975785944625423,0.08660443177203277,11.095476359761506,0.009187187061751654,0.007720054269749859,1.2820884892918698,1,1.5988023671963831,1,1.3434842415200916,1,16417,19999,0.8208910445522276,0.8238010406494141
noncommuting,20,1000,20000,34,20260919,962b26a972216da580e97bdcaf1827e75cc1b78acdd99382498992f1fe69c5d8,0.05,1.0000000000000002,1.0000000000000004,0.047500000000000014,0.9500000000000002,19.999999999999996,0.005746293131815947,0.00727125750330664,1.2653822797600256,0.002754949131245496,0.002773541943997742,0.007347706447937557,0.007449371869909903,0.04972993832483927,0.9592626655919185,0.43843125558408175,0.08607500552851445,11.144497287010214,0.0091525336750576,0.007699684575449334,1.2786863251467178,1,1.5927718035096499,1,1.3399394007273826,1,16499,19999,0.8249912495624782,0.8238010406494141
noncommuting,20,1000,20000,35,20260919,fbd073eb391f1d7bd03993f4a68be6a2a458d402c802b42d2ca1a2a24c977699,0.05,1.0000000000000002,1.0000000000000004,0.047500000000000014,0.9500000000000002,19.999999999999996,0.005746293131815947,0.00727125750330664,1.2653822797600256,0.0025533989475444744,0.002529921781303091,0.007359093898704135,0.007460710796862716,0.050005586366714205,0.9599535463615548,0.4393606236014268,0.08638814568559021,11.112098063260985,0.009172624621550388,0.007673868341835092,1.2806680289173675,1,1.5962681351502253,1,1.335446724662651,1,16468,19999,0.8234411720586029,0.8238010406494141
noncommuting,20,1000,20000,36,20260919,025f4d60899157a77601d82d1a644781876eeff83710bce22a8c3b7196634acf,0.05,1.0000000000000002,1.0000000000000004,0.047500000000000014,0.9500000000000002,19.999999999999996,0.005746293131815947,0.00727125750330664,1.2653822797600256,0.002672539273040662,0.002711683783350252,0.007349317412941791,0.007450991290475255,0.04974870177328881,0.9600941605259157,0.43873236093266504,0.086105920371169,11.150152700154933,0.009153903035410204,0.007650254647930904,1.2789666737066119,1,1.5930101067637987,1,1.331337346083712,1,16442,19999,0.8221411070553528,0.8238010406494141
noncommuting,20,1000,20000,37,20260919,71bae0a4da16f8b25d4d7a694ae554a7187e370ba0cbd628e7aa30066131e89f,0.05,1.0000000000000002,1.0000000000000004,0.047500000000000014,0.9500000000000002,19.999999999999996,0.005746293131815947,0.00727125750330664,1.2653822797600256,0.0030160853233727764,0.0030074168476539394,0.007364594327998522,0.007466194703575614,0.050153831608018604,0.9606171297717985,0.4392915533614335,0.08653360589348702,11.101087489110396,0.009183406762210232,0.007713620594054259,1.2816252424058219,1,1.5981444996886345,1,1.3423646196094066,1,16388,19999,0.8194409720486024,0.8238010406494141
noncommuting,20,1000,20000,38,20260919,f3ddf8ecfd39facf4de2b73090c4195e215ccdbacc086c6f0cc9158bd40bd347,0.05,1.0000000000000002,1.0000000000000004,0.047500000000000014,0.9500000000000002,19.999999999999996,0.005746293131815947,0.00727125750330664,1.2653822797600256,0.0025967740317862113,0.0026168627227276153,0.007345312873615827,0.0074469925071843,0.04968269132107851,0.9593089295326386,0.43788711843940625,0.08600578876166041,11.154004205357378,0.009149084434273114,0.007655405976668613,1.2782697828181553,1,1.5921715485791472,1,1.3322338072665199,1,16424,19999,0.8212410620531027,0.8238010406494141
noncommuting,20,1000,20000,39,20260919,e51ea720a5e327d14ea0b6ff1cc71bb18afbeca543aa552678333b512de18579,0.05,1.0000000000000002,1.0000000000000004,0.047500000000000014,0.9500000000000002,19.999999999999996,0.005746293131815947,0.00727125750330664,1.2653822797600256,0.0028817264818839883,0.0028904151754398574,0.007363558972264512,0.007465166204510708,0.05013545041727674,0.9606717930133551,0.4389868369132272,0.08650293538583108,11.105655417685517,0.009182070731652375,0.007700028251303947,1.2814450643831803,1,1.5979119966597757,1,1.3399992089979893,1,16414,19999,0.8207410370518526,0.8238010406494141
rkhs,32,32,10000,0,20260919,ac8549c69d83c8b4e59c2f58b9608d420584f6031143e12de3f7dc51b9182001,0.05,0.9656631617970752,0.9325053420519243,0.08656631617970753,0.8799358167075965,10.16487538733763,0.010392155194279055,0.011359976581312546,1.0931299974779325,0.004279702370570967,0.0043319410727543795,0.012445708359287488,0.012625425937100254,0.08668096637514923,0.8955951934846861,0.39541943194532925,0.134737698607488,6.646953322942639,0.013811481911838024,0.011725581280671015,1.1976060910001542,1,1.3290296048928647,1,1.1283108326871427,1,,,,
rkhs,32,32,10000,1,20260919,6431397cf6a6f292d2d27d3badd37f36bcdd4c0c1955ed3d433e611e0917bb92,0.05,0.9656631617970752,0.9325053420519243,0.08656631617970753,0.8799358167075965,10.16487538733763,0.010392155194279055,0.011359976581312546,1.0931299974779325,0.0038278608529304227,0.0038586470909998307,0.012487030186745986,0.012666590327832149,0.08756269842210047,0.8980500182173368,0.39798228406449765,0.13576944752104328,6.6145221521811495,0.013867982855041178,0.011728457908098995,1.2015823429600216,1,1.3344664889796476,1,1.1285876402765407,1,,,,
rkhs,32,32,10000,2,20260919,99092c87ebf33bbaf3999977a6ecec8b70c028525274e0c87d05572de520d25f,0.05,0.9656631617970752,0.9325053420519243,0.08656631617970753,0.8799358167075965,10.16487538733763,0.010392155194279055,0.011359976581312546,1.0931299974779325,0.0031912361792874383,0.00320088790841379,0.01244357748586584,0.012623334422803029,0.08660538398713882,0.8961774164550536,0.3953924273675068,0.13466053291897573,6.655085918858475,0.013806625286263731,0.01168186791853536,1.197401044656849,1,1.328562269149364,1,1.1241044518817713,1,,,,
rkhs,32,32,10000,3,20260919,73fe2a41c0d6fd2a8181838990bd754ccd7c180b4cfe086231a44bbefd1e10e9,0.05,0.9656631617970752,0.9325053420519243,0.08656631617970753,0.8799358167075965,10.16487538733763,0.010392155194279055,0.011359976581312546,1.0931299974779325,0.004333945673295032,0.004336466110698732,0.012444961740561308,0.01262468858411677,0.08667364164908553,0.8956964442948447,0.3951427182106072,0.13471414736634327,6.648866966132942,0.013811011346566345,0.011683030479260512,1.197534246545157,1,1.3289843240764332,1,1.1242163209506428,1,,,,
rkhs,32,32,10000,4,20260919,e9d99799554d58c5667104af9bce8a949be19d584a7bf24376df5076c89d177b,0.05,0.9656631617970752,0.9325053420519243,0.08656631617970753,0.8799358167075965,10.16487538733763,0.010392155194279055,0.011359976581312546,1.0931299974779325,0.005340897195489129,0.005316618539784777,0.01246638834838041,0.012645999980582726,0.0871875712816565,0.8962085555509375,0.39593436518464353,0.13527448413338683,6.625111611345972,0.013843979829365433,0.011738195734190713,1.1995960525342455,1,1.3321567634966258,1,1.1295246765226006,1,,,,
rkhs,32,32,10000,5,20260919,430bbfc8d808521c33267795370a40328c2dce97d23b2f15418f5bbcb8a7b84c,0.05,0.9656631617970752,0.9325053420519243,0.08656631617970753,0.8799358167075965,10.16487538733763,0.010392155194279055,0.011359976581312546,1.0931299974779325,0.003869198991786604,0.0038791186243101673,0.012448592358494426,0.012628332088806907,0.08668617287848156,0.8965195010008932,0.39612006459139015,0.13478396489486416,6.651529369240675,0.013811816383200793,0.011667567115990618,1.1978836079495283,1,1.329061789878223,1,1.1227283366989829,1,,,,
rkhs,32,32,10000,6,20260919,b92cca89fe932536125ac519fcc6200c9e61c3b157b4aef0d3025a5d244f8c21,0.05,0.9656631617970752,0.9325053420519243,0.08656631617970753,0.8799358167075965,10.16487538733763,0.010392155194279055,0.011359976581312546,1.0931299974779325,0.003768905717498195,0.003794810150554504,0.012456592909626878,0.01263632783699496,0.08675378567314715,0.8975798789905653,0.3980333706684319,0.13496352021501623,6.650536956657562,0.013816158989872694,0.011720265485243835,1.1986534724273854,1,1.3294796634175146,1,1.1277993126676855,1,,,,
rkhs,32,32,10000,7,20260919,e10fbc6e505cd48ff59b9bad2e5479fb583d71e692cde4214b91bd35ac3d8d83,0.05,0.9656631617970752,0.9325053420519243,0.08656631617970753,0.8799358167075965,10.16487538733763,0.010392155194279055,0.011359976581312546,1.0931299974779325,0.004283075483600477,0.0043121698779467164,0.012448895696776163,0.012628607866363472,0.0867196275439981,0.895937909084803,0.39602596463309925,0.13481190705088056,6.645836622922774,0.01381396530724031,0.011702585997999638,1.197912797109627,1,1.329268573168055,1,1.1260980787163362,1,,,,
rkhs,32,32,10000,8,20260919,0c48c8db1dac07b74ff233146c8109a83bb669a6d53b8b291895ac24c7fbda3c,0.05,0.9656631617970752,0.9325053420519243,0.08656631617970753,0.8799358167075965,10.16487538733763,0.010392155194279055,0.011359976581312546,1.0931299974779325,0.004396865664536044,0.0043730184411492805,0.012451414257943678,0.012631112988463573,0.08682481235947537,0.8960006043481407,0.39535286375349954,0.13487764154660192,6.643062512614896,0.013820719040400789,0.01169955681650338,1.1981551492608826,1,1.3299184608029313,1,1.125806591393483,1,,,,
rkhs,32,32,10000,9,20260919,e98617a17dd6e473515162a4874168edd53eccd3e863e117dbc985ed7fdafbb1,0.05,0.9656631617970752,0.9325053420519243,0.08656631617970753,0.8799358167075965,10.16487538733763,0.010392155194279055,0.011359976581312546,1.0931299974779325,0.004205600023249435,0.004270673648904161,0.012454548762715501,0.012634262699574994,0.08676957587619936,0.8968038712418009,0.39727205143395905,0.13493479992304247,6.646201511791444,0.013817172912743533,0.011711714605937514,1.198456771466597,1,1.3295772295962218,1,1.1269764920740295,1,,,,
rkhs,32,32,10000,10,20260919,9499ada562b1835f7d3b8f29fedeb72596ea5a9439f835f3a0ac1d4dada304ff,0.05,0.9656631617970752,0.9325053420519243,0.08656631617970753,0.8799358167075965,10.16487538733763,0.010392155194279055,0.011359976581312546,1.0931299974779325,0.004257981852454289,0.0042468050057871435,0.012460793243149427,0.012640488848364481,0.08694652006548885,0.8972996505826165,0.39683728105593163,0.13508630614781503,6.642417548976188,0.013828528576166609,0.01169941870210895,1.1990576555293526,1,1.3306699445538783,1,1.1257933011383001,1,,,,
rkhs,32,32,10000,11,20260919,4268b00ba637eac450cc7486edd70b8ca996fdd8a8b0abad6cfbcc8a202403cb,0.05,0.9656631617970752,0.9325053420519243,0.08656631617970753,0.8799358167075965,10.16487538733763,0.010392155194279055,0.011359976581312546,1.0931299974779325,0.0035900260844654044,0.003620455095759824,0.012455966295663777,0.012635707201646307,0.08680347436202679,0.8976242348352363,0.39686911059387775,0.13494512323024244,6.65177231565246,0.013819349295790798,0.011707630423243432,1.1985931756023873,1,1.3297866551683557,1,1.1265834857516903,1,,,,
rkhs,32,32,10000,12,20260919,8f9c7aa46b21b1fb9d4bcb1ebbc3ba148db82e9811bc6e00cb782cb132509020,0.05,0.9656631617970752,0.9325053420519243,0.08656631617970753,0.8799358167075965,10.16487538733763,0.010392155194279055,0.011359976581312546,1.0931299974779325,0.005273914859308771,0.005255575815202843,0.012460167786575833,0.012639896714128279,0.0868732728678918,0.897966151424174,0.3974135228408746,0.13504677125837578,6.649297447520286,0.013823829228356918,0.011721722787852783,1.1989974700758157,1,1.3302177430882691,1,1.1279395436959663,1,,,,
rkhs,32,32,10000,13,20260919,66bc9589f15fdcfc6cf502c96dca4861c7c137c38ee16b461ef68402f4be8bc6,0.05,0.9656631617970752,0.9325053420519243,0.08656631617970753,0.8799358167075965,10.16487538733763,0.010392155194279055,0.011359976581312546,1.0931299974779325,0.004271518477517557,0.0042795081790762595,0.01246663636237404,0.012646293542913974,0.08711006659922052,0.8972796563032587,0.3967483074060696,0.1352446452080897,6.634493032405748,0.013839014153340419,0.011713094779872096,1.1996199180355775,1,1.3316789342175028,1,1.1271093012852835,1,,,,
rkhs,32,32,10000,14,20260919,4d74803b29981f606f3ebccb390ac64ec83f1520ed0386e29fd40e71f2ed218a,0.05,0.9656631617970752,0.9325053420519243,0.08656631617970753,0.8799358167075965,10.16487538733763,0.010392155194279055,0.011359976581312546,1.0931299974779325,0.004353540917920531,0.004407040326850542,0.012449262722915353,0.012628990924377356,0.08669880843277389,0.896355574489598,0.3963077693199144,0.13480759450400842,6.649147459292031,0.013812628063006191,0.01169954895804451,1.1979481147249176,1,1.3291398949286408,1,1.1258058352020364,1,,,,
rkhs,32,32,10000,15,20260919,8dfa61a1bf7c1119d1f20b5fb2834ec9d656681a9cddd44e2c355bbcb05a018e,0.05,0.9656631617970752,0.9325053420519243,0.08656631617970753,0.8799358167075965,10.16487538733763,0.010392155194279055,0.011359976581312546,1.0931299974779325,0.0037163849248864423,0.0037372640317066353,0.012446216193032256,0.012625983891213848,0.08655783831066129,0.8968076291043465,0.3970519453544906,0.1347101859193896,6.65731119724677,0.013803569103050037,0.011728499568493842,1.197654958028723,1,1.328268183547623,1,1.128591649107632,1,,,,
rkhs,32,32,10000,16,20260919,7afb77016758d7a329bf0a0466f3ed190851509ce6e736f736e94721a56ddd65,0.05,0.9656631617970752,0.9325053420519243,0.08656631617970753,0.8799358167075965,10.16487538733763,0.010392155194279055,0.011359976581312546,1.0931299974779325,0.004425199508668294,0.0044406066316086,0.01244182500115156,0.012621590443117147,0.08654614170725827,0.8961144222133259,0.3956347123041165,0.13461549407026377,6.656844580948393,0.013802817129753588,0.011720245421726758,1.1972324093082116,1,1.3281958238414417,1,1.127797382027053,1,,,,
rkhs,32,32,10000,17,20260919,e97c91fc83900d10dd4ac31baa4be01577ab0c2081eb9617befda9a2c9304109,0.05,0.9656631617970752,0.9325053420519243,0.08656631617970753,0.8799358167075965,10.16487538733763,0.010392155194279055,0.011359976581312546,1.0931299974779325,0.004592065050562454,0.004594673254370009,0.01247081171016397,0.012650472806963993,0.08711451654447058,0.8979786869924126,0.3981923748943844,0.13533354188620747,6.635300269813822,0.013839299318281421,0.011723667009168931,1.2000216968496802,1,1.3317063746218918,1,1.128126629173406,1,,,,
rkhs,32,32,10000,18,20260919,bdbcb98881610f2f8915c7a05ea07c3f137a1942fdefe91da12f356c9dec6567,0.05,0.9656631617970752,0.9325053420519243,0.08656631617970753,0.8799358167075965,10.16487538733763,0.010392155194279055,0.011359976581312546,1.0931299974779325,0.00444444684895391,0.004485234639626006,0.012467406557464462,0.012647022212243937,0.08725145258324317,0.8964484593538644,0.39517389719806384,0.13529378692273125,6.625939592228596,0.013848071004961642,0.011689576432670148,1.1996940311599509,1,1.3325504427209758,1,1.1248462146817564,1,,,,
rkhs,32,32,10000,19,20260919,f8d036158683fa3d5cb6237de798af7e1a0ef615e1e93a323c8dc817b7c51212,0.05,0.9656631617970752,0.9325053420519243,0.08656631617970753,0.8799358167075965,10.16487538733763,0.010392155194279055,0.011359976581312546,1.0931299974779325,0.0036240011975275563,0.0036113440801903885,0.012444889926636268,0.01262462750583809,0.08667273601321143,0.8959296507081058,0.39499006516190394,0.13470428771196552,6.651084875812176,0.013810953164061755,0.011716386354093786,1.1975273361474872,1,1.3289787253816965,1,1.127426037723506,1,,,,
rkhs,32,32,10000,20,20260919,40a8fa0d44dc8ed106139d7d256abbde3a36fc1ce288982330d21cf5bc01ab7b,0.05,0.9656631617970752,0.9325053420519243,0.08656631617970753,0.8799358167075965,10.16487538733763,0.010392155194279055,0.011359976581312546,1.0931299974779325,0.0037424698856815776,0.0037458198359365084,0.012463262577156096,0.01264293479264826,0.08705522353493302,0.8971286709874119,0.3962178277677211,0.13515874196389768,6.637592640711648,0.013835499058117455,0.011712830051059494,1.1992952707266342,1,1.3313406891511765,1,1.1270838273765849,1,,,,
rkhs,32,32,10000,21,20260919,0720378ecc89c308e97140f6d189f0b11c6de4e512b327bb8400cc690db2ca0f,0.05,0.9656631617970752,0.9325053420519243,0.08656631617970753,0.8799358167075965,10.16487538733763,0.010392155194279055,0.011359976581312546,1.0931299974779325,0.003102293792645572,0.0030895613793205045,0.012465929221952438,0.012645603066900967,0.08708563359367061,0.8975552857821091,0.3966792401188517,0.13521616941139888,6.637928656677683,0.013837448288186177,0.011684725858579147,1.1995518724369136,1,1.3315282566029978,1,1.1243794612508924,1,,,,
rkhs,32,32,10000,22,20260919,9f3d32523ed659ce1bcf2378495a706461fac64f044fc5af88560712e87df183,0.05,0.9656631617970752,0.9325053420519243,0.08656631617970753,0.8799358167075965,10.16487538733763,0.010392155194279055,0.011359976581312546,1.0931299974779325,0.00405711744884438,0.004072301583501464,0.012464721551680068,0.012644385583679557,0.08698028900722758,0.8971557468752368,0.39815599069456475,0.13519718854199902,6.635905350920336,0.01383069443610648,0.011680252951335934,1.19943566263733,1,1.3308783575249494,1,1.1239490493527258,1,,,,
rkhs,32,32,10000,23,20260919,0a9edc4d4ff455754513e315285513aa310f27408802eb96e1b0cf8961b49114,0.05,0.9656631617970752,0.9325053420519243,0.08656631617970753,0.8799358167075965,10.16487538733763,0.010392155194279055,0.011359976581312546,1.0931299974779325,0.003977468415978572,0.003998056028562173,0.012451284153706393,0.012630970697222263,0.08680932465461326,0.8957049668080405,0.3957288973871802,0.13488419724074388,6.640547856094433,0.013819724858875657,0.011695870621421453,1.1981426297945301,1,1.3298227942634555,1,1.1254518819984618,1,,,,
rkhs,32,32,10000,24,20260919,b95aeb514489473ad0ca90a612c2268c605c51581cd22626be1650f1e68e4062,0.05,0.9656631617970752,0.9325053420519243,0.08656631617970753,0.8799358167075965,10.16487538733763,0.010392155194279055,0.011359976581312546,1.0931299974779325,0.0037632888616811596,0.0037862891637344192,0.012432862832405779,0.012612620040151824,0.0863736943390803,0.8946182953612758,0.3953290441685873,0.13442512684968616,6.655141909307147,0.013791724605229322,0.01170686116736367,1.1963700117998763,1,1.3271284298007548,1,1.1265094630042063,1,,,,
rkhs,32,32,10000,25,20260919,72f19870c32558be2f7ed6b3b38e7526908758512bf10e9486f6a863dab99643,0.05,0.9656631617970752,0.9325053420519243,0.08656631617970753,0.8799358167075965,10.16487538733763,0.010392155194279055,0.011359976581312546,1.0931299974779325,0.0049489548216433855,0.0049160993780167275,0.012443812071106484,0.012623532736507013,0.08664552742925162,0.8953883521829435,0.39527276468909245,0.13469365978959488,6.647590937699894,0.013809205008979036,0.011680998312860374,1.1974236179572144,1,1.32881050665805,1,1.124020772831687,1,,,,
rkhs,32,32,10000,26,20260919,f1f8a9ce4502626e50cccf046d2068e3382c1da7ba9d6348d81325ee8adc7daf,0.05,0.9656631617970752,0.9325053420519243,0.08656631617970753,0.8799358167075965,10.16487538733763,0.010392155194279055,0.011359976581312546,1.0931299974779325,0.0037237242598583777,0.003664053606471836,0.012453593758155463,0.01263330704896446,0.08678843251197448,0.896649651974738,0.39659955499854593,0.1349143035960169,6.646068119356991,0.013818383616987114,0.011677164118407236,1.1983648747866316,1,1.3296937313440256,1,1.1236518219854517,1,,,,
rkhs,32,32,10000,27,20260919,02d7f8a42393cc629887864674ca451479e59085572ca19103fdf1d9f438b17e,0.05,0.9656631617970752,0.9325053420519243,0.08656631617970753,0.8799358167075965,10.16487538733763,0.010392155194279055,0.011359976581312546,1.0931299974779325,0.00393315814270058,0.0039263567648504995,0.01246453614620742,0.012644179554912517,0.08709121905423674,0.8966599987201016,0.3964627767131583,0.13520908210185958,6.631655098764771,0.013837806269164941,0.011706541970850746,1.1994178217304936,1,1.3315627038347868,1,1.1264787478631255,1,,,,
rkhs,32,32,10000,28,20260919,ce18f5b3011ef421296aa74211622b95a80a7def9dbf445b933be64c320c49e4,0.05,0.9656631617970752,0.9325053420519243,0.08656631617970753,0.8799358167075965,10.16487538733763,0.010392155194279055,0.011359976581312546,1.0931299974779325,0.003862042324302077,0.004076283314728445,0.012463000845916084,0.012642700489607596,0.0869844725529269,0.8977141290974769,0.39696529238542655,0.135131749892352,6.643250974050211,0.013830962729546977,0.011700025872126077,1.199270085263646,1,1.3309041744450667,1,1.1258517269417814,1,,,,
rkhs,32,32,10000,29,20260919,01fee02fdde47a81e560eb50723b9363c5df7d6786429c6f314c424a56259d53,0.05,0.9656631617970752,0.9325053420519243,0.08656631617970753,0.8799358167075965,10.16487538733763,0.010392155194279055,0.011359976581312546,1.0931299974779325,0.005030209963658876,0.004980699266867006,0.012448977023538641,0.012628686803148065,0.08673264055466326,0.8958955293797168,0.3958658649968283,0.13481553969173235,6.645343195808593,0.013814801071845722,0.011741509964714016,1.197920622893688,1,1.3293489958128084,1,1.1298435930958566,1,,,,
rkhs,32,32,10000,30,20260919,967358ebaaaa8ec6c893bfdd1ddca11c857544b5d5916b4ca5e8ff868a4935e0,0.05,0.9656631617970752,0.9325053420519243,0.08656631617970753,0.8799358167075965,10.16487538733763,0.010392155194279055,0.011359976581312546,1.0931299974779325,0.004065384274449977,0.004068251487310923,0.012481158062748661,0.012660727602539128,0.08750974137472574,0.8974069325478776,0.3965483633359993,0.13563261547297523,6.616453788924286,0.013864597446728228,0.011703318779376868,1.20101728942805,1,1.3341407232217601,1,1.1261685916526358,1,,,,
rkhs,32,32,10000,31,20260919,e3f0226c02e287be4fd954ee8af6512878f777a31134e2d0cf2d1c0fc78be3fc,0.05,0.9656631617970752,0.9325053420519243,0.08656631617970753,0.8799358167075965,10.16487538733763,0.010392155194279055,0.011359976581312546,1.0931299974779325,0.004798060381759542,0.004751878054426051,0.01245324873201302,0.012632991071631954,0.08673742907022199,0.8972594638996448,0.3969579610304651,0.13488427740941208,6.652068581545702,0.013815108599947026,0.011690182344263281,1.1983316741525,1,1.3293785881442886,1,1.1249045193915885,1,,,,
rkhs,32,32,10000,32,20260919,789dee7c785eae1882f42376708e01378bad14f5ac8a38a81d73ee5eeb056184,0.05,0.9656631617970752,0.9325053420519243,0.08656631617970753,0.8799358167075965,10.16487538733763,0.010392155194279055,0.011359976581312546,1.0931299974779325,0.00432261951325713,0.004301555688375413,0.012442648723815812,0.012622373170363263,0.08655659875924616,0.8953042678720513,0.3963044627858322,0.13466519118598247,6.64837186200234,0.013803489414838131,0.011725490022703443,1.1973116731999505,1,1.328260515435435,1,1.1283020512586646,1,,,,
rkhs,32,32,10000,33,20260919,394fcb1dfbcb9fb10be64694b45f36c3db9ffa11f1347872fd96a43d4b9cd0f2,0.05,0.9656631617970752,0.9325053420519243,0.08656631617970753,0.8799358167075965,10.16487538733763,0.010392155194279055,0.011359976581312546,1.0931299974779325,0.004045452578328093,0.004022804714551213,0.012476646282845583,0.012656220784773384,0.08740109061441874,0.8968615239901719,0.3966393076899656,0.13552928886299742,6.617473842844279,0.013857648473823625,0.011707638352742312,1.2005831369525788,1,1.3334720483632063,1,1.1265842487790636,1,,,,
rkhs,32,32,10000,34,20260919,39641a69ab407680414884da562b2b97c51161902befcbca5668f02c7a467239,0.05,0.9656631617970752,0.9325053420519243,0.08656631617970753,0.8799358167075965,10.16487538733763,0.010392155194279055,0.011359976581312546,1.0931299974779325,0.0032793539652835545,0.003298039880734162,0.012447619682871124,0.012627322471880482,0.08674526726282253,0.8955386701510806,0.39523370603645336,0.13479110914008868,6.643900149381109,0.013815611966123057,0.011708252984909795,1.1977900108462214,1,1.3294270252746645,1,1.1266433926386377,1,,,,
rkhs,32,32,10000,35,20260919,0d845552a5e0ae25bf0a7a1ff7d84e39ad70a87cdbdb2c0af4120bfea93df631,0.05,0.9656631617970752,0.9325053420519243,0.08656631617970753,0.8799358167075965,10.16487538733763,0.010392155194279055,0.011359976581312546,1.0931299974779325,0.005618192891293776,0.005638546015300283,0.01247720711659809,0.012656741963969938,0.08751963068933714,0.8960426806730156,0.3953529216231061,0.13557246326963368,6.609326548053631,0.013865229723033251,0.011776595011379709,1.2006371039827108,1,1.3342015649137096,1,1.1332197019019496,1,,,,
rkhs,32,32,10000,36,20260919,9178cb7b5e5ad0cafb49326f642fb5a41190ca3003fdcc1669267ee30e5e4344,0.05,0.9656631617970752,0.9325053420519243,0.08656631617970753,0.8799358167075965,10.16487538733763,0.010392155194279055,0.011359976581312546,1.0931299974779325,0.003781164895876559,0.003755391996889566,0.01243482396784861,0.01261460763867982,0.08640078721957083,0.8955050119471969,0.39525344742709023,0.13444778678842628,6.660615494968378,0.013793468063526859,0.011716711166118051,1.1965587248633525,1,1.3272961965695285,1,1.1274572932251985,1,,,,
rkhs,32,32,10000,37,20260919,0b5af27b7773800fdc042b6adc90649c1c5669cb5793aaccc13d21efd3b78d38,0.05,0.9656631617970752,0.9325053420519243,0.08656631617970753,0.8799358167075965,10.16487538733763,0.010392155194279055,0.011359976581312546,1.0931299974779325,0.0036287387998248243,0.0036240435700873965,0.012458397073082968,0.012638059828060915,0.0869589107492846,0.8962032550186756,0.39615946211772746,0.13505901053438407,6.635642090614274,0.013829323334119578,0.011709222491874609,1.198827080636882,1,1.3307464212748388,1,1.1267366848332487,1,,,,
rkhs,32,32,10000,38,20260919,ace70742981e836c0be1a544f0179010471385a7f1d4704bc0dd146bd647f13d,0.05,0.9656631617970752,0.9325053420519243,0.08656631617970753,0.8799358167075965,10.16487538733763,0.010392155194279055,0.011359976581312546,1.0931299974779325,0.0037109743669755113,0.0037152783842287792,0.012444147335312353,0.012623915736637046,0.08659664334611071,0.8965211180261324,0.39560419909306677,0.1346642071774301,6.6574566235324815,0.013806063510525138,0.011726688372118623,1.1974558792350343,1,1.3285082114752733,1,1.1284173641454314,1,,,,
rkhs,32,32,10000,39,20260919,65c49ab35d0eefda09410511bac9bd3817869a1c47612cdcf9e51dc7d110b177,0.05,0.9656631617970752,0.9325053420519243,0.08656631617970753,0.8799358167075965,10.16487538733763,0.010392155194279055,0.011359976581312546,1.0931299974779325,0.004104596322542578,0.004083600105934495,0.01246134162569063,0.0126410063891942,0.08708669725678854,0.8966787745260615,0.39505810790674734,0.1351222402850481,6.63605615651773,0.013837516460918247,0.01169910763337017,1.199110424423865,1,1.3315348166216652,1,1.1257633681039136,1,,,,
rkhs,32,32,10000,40,20260919,5e2a59c75891a403d657029f680dae3ddf0125f5ab5c9552c40b8633097cfef6,0.05,0.9656631617970752,0.9325053420519243,0.08656631617970753,0.8799358167075965,10.16487538733763,0.010392155194279055,0.011359976581312546,1.0931299974779325,0.0044152147672084745,0.004283895511011134,0.012469087329695356,0.012648736194103888,0.08719383502258464,0.897448542130876,0.3963492986976834,0.13530505315950375,6.632779199110345,0.013844381046876394,0.011710592939588529,1.1998557658722866,1,1.3321953712255772,1,1.126868558125006,1,,,,
rkhs,32,32,10000,41,20260919,826a5807ea0595ffc372497aae517b74619630e1e49b50af59f038982c7a21f2,0.05,0.9656631617970752,0.9325053420519243,0.08656631617970753,0.8799358167075965,10.16487538733763,0.010392155194279055,0.011359976581312546,1.0931299974779325,0.004458910692738132,0.004418152734045897,0.012441904221028024,0.01262165241886602,0.08655103095225698,0.8957345012136745,0.39580778408763173,0.13463052661204722,6.653279339795147,0.01380313146493653,0.011731764436923586,1.1972400323541519,1,1.3282260711940905,1,1.1289058157428207,1,,,,
rkhs,32,32,10000,42,20260919,e00e98b9b261af0b9df68c94e01043d7dc972d2a6265ec7654ce273289ab49ee,0.05,0.9656631617970752,0.9325053420519243,0.08656631617970753,0.8799358167075965,10.16487538733763,0.010392155194279055,0.011359976581312546,1.0931299974779325,0.0035617898249807388,0.003609879095293211,0.012448058531907504,0.012627763970159746,0.08676494453539481,0.8956628649832837,0.3950277589690636,0.13479870736326616,6.644446986940172,0.013816875533959784,0.011735803537590432,1.1978322397225396,1,1.3295486138973422,1,1.1292944839825971,1,,,,
rkhs,32,32,10000,43,20260919,9f92a6013d5012a8f7f07ac8d0fb8851dcad9911114ec971d629f998a8543fd6,0.05,0.9656631617970752,0.9325053420519243,0.08656631617970753,0.8799358167075965,10.16487538733763,0.010392155194279055,0.011359976581312546,1.0931299974779325,0.003761948495004933,0.003835420108483251,0.012451005971974384,0.01263076105500203,0.08674311039828654,0.8972212651694125,0.395851157415105,0.13482514771088167,6.654702630798588,0.01381547345525305,0.011686835579314643,1.1981158613594165,1,1.3294136968680523,1,1.1245824721467128,1,,,,
rkhs,32,32,10000,44,20260919,05d0c12c1ae751b99102b82e55b65e35c82a59afcaabfaf6a1b8111f5d17045a,0.05,0.9656631617970752,0.9325053420519243,0.08656631617970753,0.8799358167075965,10.16487538733763,0.010392155194279055,0.011359976581312546,1.0931299974779325,0.0037831795592007107,0.003797397594813282,0.012453735013744775,0.012633384954480619,0.08689408152386223,0.895232120026467,0.3956849459433712,0.13496637818110746,6.633000989514448,0.013825164458465117,0.011724778195256925,1.1983784673077855,1,1.3303462275155356,1,1.1282335546443232,1,,,,
rkhs,32,32,10000,45,20260919,9da914e5abf3c7b5dcf6a31818fef105675c5656b6de9a23ab415e5a67a11b21,0.05,0.9656631617970752,0.9325053420519243,0.08656631617970753,0.8799358167075965,10.16487538733763,0.010392155194279055,0.011359976581312546,1.0931299974779325,0.004281880473628922,0.004296022264515522,0.012443905420158783,0.012623593228373585,0.08668696280936863,0.894656811102591,0.39503349637660334,0.13472106218589677,6.6408087687735575,0.013811867128331311,0.011695003116746424,1.1974326006033118,1,1.3290666729010003,1,1.125368405120104,1,,,,
rkhs,32,32,10000,46,20260919,feed6f77917914f3faaddcd998c04b82e2ce91d8174a9ea89dde81635b8381ae,0.05,0.9656631617970752,0.9325053420519243,0.08656631617970753,0.8799358167075965,10.16487538733763,0.010392155194279055,0.011359976581312546,1.0931299974779325,0.005349109421401526,0.0053139047974500595,0.012455167257790984,0.012634862821541056,0.08686531732433218,0.8964767889179173,0.3961113722390377,0.13496260015779085,6.642408992341625,0.013823318702324838,0.011730253480781905,1.1985162870400194,1,1.3301686169905027,1,1.1287604218265987,1,,,,
rkhs,32,32,10000,47,20260919,61e1cf520ee4da513a907ae0af41f33f7c7f1c4e702f5ed03539cfe9a4b37a55,0.05,0.9656631617970752,0.9325053420519243,0.08656631617970753,0.8799358167075965,10.16487538733763,0.010392155194279055,0.011359976581312546,1.0931299974779325,0.003812828260188029,0.003795919446326447,0.012437321515297691,0.0126170810208226,0.08649589779788876,0.895321614906328,0.39488361282680606,0.13452120440354912,6.655617000130772,0.013799586376458405,0.011689470115953742,1.1967990549394907,1,1.3278849399838797,1,1.1248359842036295,1,,,,
rkhs,32,32,10000,48,20260919,e9621c2474631da31a2fbd5bbf992c7f6dd3a1db878f7cc7e77e6be7739437c0,0.05,0.9656631617970752,0.9325053420519243,0.08656631617970753,0.8799358167075965,10.16487538733763,0.010392155194279055,0.011359976581312546,1.0931299974779325,0.004068262068872961,0.004041477856199687,0.012453270524107194,0.01263297349700166,0.08683616829110087,0.8963680418246144,0.3957993628747566,0.1349151704563687,6.6439381041622605,0.013821447940190641,0.011686161744210536,1.1983337711279365,1,1.3299886002279329,1,1.1245176313998697,1,,,,
rkhs,32,32,10000,49,20260919,05dd6f51cd64941cee29f24ebebe8cb469416d6bbd4ba6db780a20cf799e5246,0.05,0.9656631617970752,0.9325053420519243,0.08656631617970753,0.8799358167075965,10.16487538733763,0.010392155194279055,0.011359976581312546,1.0931299974779325,0.004244437896407572,0.004207354741664069,0.012444954854803611,0.01262469597855483,0.08665278348025127,0.8960196123696841,0.39530795865278334,0.13470297959310887,6.651817317450955,0.013809671238041797,0.011688180728162464,1.1975335839532724,1,1.328855370216575,1,1.1247119110188886,1,,,,
rkhs,32,32,10000,50,20260919,362ea7aa598335ef1fe7d7eaed2d0723db78102571aa776c4e2d8a7279b47079,0.05,0.9656631617970752,0.9325053420519243,0.08656631617970753,0.8799358167075965,10.16487538733763,0.010392155194279055,0.011359976581312546,1.0931299974779325,0.004884736972695738,0.004898767802527236,0.01243480099752644,0.012614587797471986,0.08642873497077479,0.8955726674362441,0.39472737270684755,0.13444487412709002,6.661263013937326,0.013795266247346932,0.011705315777793676,1.1965565145112416,1,1.3274692293799952,1,1.1263607556820865,1,,,,
rkhs,32,32,10000,51,20260919,51b1f6d2b725a2833f91819c6fbb29a590537ec9134f5524d86639969b018bc4,0.05,0.9656631617970752,0.9325053420519243,0.08656631617970753,0.8799358167075965,10.16487538733763,0.010392155194279055,0.011359976581312546,1.0931299974779325,0.004024291505734337,0.004041036484150747,0.012420980994896995,0.012600808681766492,0.08602870919893248,0.8944802639700979,0.39584562427378245,0.1341104222802803,6.669729680670933,0.01376950045682904,0.011687493436193658,1.1952266649881076,1,1.324989879328326,1,1.124645775365989,1,,,,
rkhs,32,32,10000,52,20260919,1c1ba796458e39653faab49b2c3dc3f20401574833075ba1d8e2abaf6dd3b66b,0.05,0.9656631617970752,0.9325053420519243,0.08656631617970753,0.8799358167075965,10.16487538733763,0.010392155194279055,0.011359976581312546,1.0931299974779325,0.004031817517355921,0.004077455573739665,0.012450105805707044,0.01262976950953108,0.08684585026067812,0.8950148509387141,0.3949651539696182,0.13487594060412314,6.635837695958605,0.013822069356239506,0.01170138483819694,1.1980292415726146,1,1.3300483968761976,1,1.1259824953960103,1,,,,
rkhs,32,32,10000,53,20260919,96b90ce05528443e22a70e3862135cad89a2645f741abbfb2a13a6e226db75ec,0.05,0.9656631617970752,0.9325053420519243,0.08656631617970753,0.8799358167075965,10.16487538733763,0.010392155194279055,0.011359976581312546,1.0931299974779325,0.004850763078658216,0.004846855986478036,0.012430893408723753,0.012610743821404929,0.0861899951664655,0.8964456312720145,0.3965033399119001,0.13431023323492614,6.67444028411457,0.013779896130855448,0.01169439189228443,1.196180501188727,1,1.3259902179329814,1,1.1253095891718654,1,,,,
rkhs,32,32,10000,54,20260919,64b72ae7639c036d6db9d9107d0817d489045495f14f550eccd233918e8a3837,0.05,0.9656631617970752,0.9325053420519243,0.08656631617970753,0.8799358167075965,10.16487538733763,0.010392155194279055,0.011359976581312546,1.0931299974779325,0.004591075771092305,0.004610966312053214,0.012465539262412832,0.012645198889667216,0.08708977075789065,0.8971750460276292,0.3966500699811538,0.13521859902230077,6.634997348845951,0.013837713446669824,0.01171447598100294,1.199514348022361,1,1.3315537718574075,1,1.1272422093399674,1,,,,
rkhs,32,32,10000,55,20260919,f885905561f9b1d6dd2bcf0a629b36398462b30d07e9ddd8f909526ffd00a81d,0.05,0.9656631617970752,0.9325053420519243,0.08656631617970753,0.8799358167075965,10.16487538733763,0.010392155194279055,0.011359976581312546,1.0931299974779325,0.004463408400043451,0.004470237492195995,0.012469691157474318,0.012649296247020773,0.08728637606648522,0.8965418107771309,0.39557613278617676,0.1353522947304902,6.623765134993097,0.013850306990300343,0.011704940221607807,1.1999138700641192,1,1.3327656036088666,1,1.1263246172508516,1,,,,
rkhs,32,32,10000,56,20260919,9afa33cfe3fdf2e863b16ee5cd3620b32e903ede50c6cc40538cd129fa5f0359,0.05,0.9656631617970752,0.9325053420519243,0.08656631617970753,0.8799358167075965,10.16487538733763,0.010392155194279055,0.011359976581312546,1.0931299974779325,0.0037269195121349776,0.0037577049584774443,0.012449300110326593,0.012628989594355624,0.08678346388293985,0.8954820775652876,0.3953873313003051,0.13483831402212113,6.641154512050468,0.013818064615249212,0.011697853790834177,1.1979517123820485,1,1.3296630349454501,1,1.1256427153122115,1,,,,
rkhs,32,32,10000,57,20260919,b696d632bda05a9e1eeef8fd8a889d669d4ec7bb6726b566058481d90515b00f,0.05,0.9656631617970752,0.9325053420519243,0.08656631617970753,0.8799358167075965,10.16487538733763,0.010392155194279055,0.011359976581312546,1.0931299974779325,0.004743259710849815,0.004736898270832888,0.012431986591991564,0.012611719544652074,0.086427546490614,0.8939407410128193,0.3944017196079288,0.13442457199199442,6.650128973935341,0.013795189785368015,0.011718896985203604,1.1962856943125184,1,1.3274618717166917,1,1.1276676267936152,1,,,,
rkhs,32,32,10000,58,20260919,faf0ebe8c9ffd208491b2d485816b59d990e8c9d29c71ef0bbc237e45e8fbf9b,0.05,0.9656631617970752,0.9325053420519243,0.08656631617970753,0.8799358167075965,10.16487538733763,0.010392155194279055,0.011359976581312546,1.0931299974779325,0.004562181004506245,0.004559550286993078,0.0124422261318019,0.012621958183664274,0.08658611883425495,0.8954151072693226,0.3955421426197886,0.1346500450129594,6.649942873640653,0.01380538704477766,0.011717605446853246,1.1972710086788756,1,1.3284431175910085,1,1.1275433466682503,1,,,,
rkhs,32,32,10000,59,20260919,7c67fd869b66498c335d02c701fd4bf2cc30175ca4ef5aca7899ec4d99f25d57,0.05,0.9656631617970752,0.9325053420519243,0.08656631617970753,0.8799358167075965,10.16487538733763,0.010392155194279055,0.011359976581312546,1.0931299974779325,0.004598132825163096,0.0046212722009661596,0.012432626025032152,0.01261239351816378,0.08635516046344847,0.8948169091600017,0.3954215099598206,0.13441201452923754,6.657268788761138,0.013790531771314252,0.01171208348084879,1.1963472246715858,1,1.3270136476508765,1,1.1270119875900586,1,,,,
rkhs,32,32,10000,60,20260919,e4f6a50088a8018014f1e9c727ce0c94af7777673899bcde5c2fe251321ec428,0.05,0.9656631617970752,0.9325053420519243,0.08656631617970753,0.8799358167075965,10.16487538733763,0.010392155194279055,0.011359976581312546,1.0931299974779325,0.004245304287323769,0.00416851109935928,0.012467112851965851,0.012646778699493332,0.08707446943019796,0.8975463335424203,0.39742124729976647,0.13524841956446215,6.636279643287303,0.013836732724930727,0.011687857567740096,1.1996657689281887,1,1.3314594005050977,1,1.124680814444951,1,,,,
rkhs,32,32,10000,61,20260919,cf53ee424cafebca33afd4e9afa089fbce20c72bcee9a30cd1ba5ed2d4889540,0.05,0.9656631617970752,0.9325053420519243,0.08656631617970753,0.8799358167075965,10.16487538733763,0.010392155194279055,0.011359976581312546,1.0931299974779325,0.004737627360226215,0.004766474924439505,0.012469859150349667,0.012649433423919254,0.08730929939111615,0.8958666031582965,0.3956560387632191,0.1353799017634485,6.617426896376825,0.013851774419122184,0.011724046046059259,1.1999300354188707,1,1.332906809046469,1,1.1281631025404064,1,,,,
rkhs,32,32,10000,62,20260919,06c542b796604396216f504b01045eb5ceb2dd21d25d0d37b8f3e55caa991d7d,0.05,0.9656631617970752,0.9325053420519243,0.08656631617970753,0.8799358167075965,10.16487538733763,0.010392155194279055,0.011359976581312546,1.0931299974779325,0.00526014977122197,0.005261576122699266,0.012456642161290025,0.01263631207594435,0.086908022140072,0.8961096473605202,0.3962746632114622,0.13501486934235282,6.637118205760612,0.013826058897279865,0.011732689472616522,1.1986582117391282,1,1.3304322961700183,1,1.128994828625677,1,,,,
rkhs,32,32,10000,63,20260919,0bd26393459520b06bceff133d130c9605b175b619e530cff7428ad215105d48,0.05,0.9656631617970752,0.9325053420519243,0.08656631617970753,0.8799358167075965,10.16487538733763,0.010392155194279055,0.011359976581312546,1.0931299974779325,0.003981610011975347,0.003971383491845883,0.012459738105830164,0.012639415972528063,0.08693343130528687,0.8967423241467876,0.39689882864328885,0.13507681931960488,6.6387580686587535,0.01382768898098645,0.011700458498411514,1.1989561234313866,1,1.3305891533065901,1,1.1258933570249883,1,,,,
rkhs,32,32,10000,64,20260919,2949a3ebbc73715347863f4224b4f88d19766eef523722f48b42daa27fc60f37,0.05,0.9656631617970752,0.9325053420519243,0.08656631617970753,0.8799358167075965,10.16487538733763,0.010392155194279055,0.011359976581312546,1.0931299974779325,0.005335780267734224,0.0053198742851537995,0.01246341862845474,0.012643070453903019,0.08707473704690119,0.8966880798535373,0.3962128761812608,0.13517796545699093,6.633389375421789,0.013836749878268786,0.01172516025249205,1.1993102869860843,1,1.331461051109591,1,1.1282703186483225,1,,,,
rkhs,32,32,10000,65,20260919,ed4f5935bf6bf597609dbeae56e6e21f8da97caac1ce80f8f72fad3c6f75c908,0.05,0.9656631617970752,0.9325053420519243,0.08656631617970753,0.8799358167075965,10.16487538733763,0.010392155194279055,0.011359976581312546,1.0931299974779325,0.0038869820858212,0.0038284805577190537,0.012424204382230089,0.012604049166068448,0.08610310365912976,0.8953392546874244,0.39555749670224427,0.1341679298965035,6.673273228394332,0.013774296755464762,0.011711390495672668,1.1955368400454307,1,1.3254514100258623,1,1.126945304100141,1,,,,
rkhs,32,32,10000,66,20260919,8faba3e43af4685e40813a22fac8f6efd4e3060a6f5c7a5ecaaf95a28543eab8,0.05,0.9656631617970752,0.9325053420519243,0.08656631617970753,0.8799358167075965,10.16487538733763,0.010392155194279055,0.011359976581312546,1.0931299974779325,0.004402505671714634,0.004367401117685049,0.012449668984744967,0.012629379782806623,0.0867495103827013,0.8960197086175258,0.3958240675697259,0.13482996026178865,6.645553457686966,0.013815884448412056,0.01169660199134778,1.1979872078506473,1,1.3294532452727212,1,1.1255222591158793,1,,,,
rkhs,32,32,10000,67,20260919,4560e4c98f722cb91200160207fac7818f7d804b4db7c206f183236a539bf852,0.05,0.9656631617970752,0.9325053420519243,0.08656631617970753,0.8799358167075965,10.16487538733763,0.010392155194279055,0.011359976581312546,1.0931299974779325,0.004647363589442074,0.004666305272700156,0.012448832534007257,0.01262850494403279,0.08686577668588792,0.8950265321697582,0.3940342559300083,0.13484122505334517,6.637632755232479,0.013823348181277464,0.011712612991475347,1.197906719181832,1,1.33017145364489,1,1.1270629405075872,1,,,,
rkhs,32,32,10000,68,20260919,c13a46c21e3795a4b5c35c1ea5659a46208af34ba006f8b57009335f04d1cc1b,0.05,0.9656631617970752,0.9325053420519243,0.08656631617970753,0.8799358167075965,10.16487538733763,0.010392155194279055,0.011359976581312546,1.0931299974779325,0.004232626300709141,0.004202126062049917,0.012445994621577266,0.012625701106753618,0.08668891752591025,0.8953852873435915,0.39553710932188035,0.13475254864811714,6.644663097851563,0.013811992698254593,0.011718507179381468,1.1976336369984988,1,1.3290787560465014,1,1.1276301171707461,1,,,,
rkhs,32,32,10000,69,20260919,6fda264014a7ccc78f4258560b193bc9c9104f1c3d1d2099b455a39f8d006d5d,0.05,0.9656631617970752,0.9325053420519243,0.08656631617970753,0.8799358167075965,10.16487538733763,0.010392155194279055,0.011359976581312546,1.0931299974779325,0.003538192976906674,0.0035208077534558857,0.012439790111493876,0.012619559787799894,0.08647228259587057,0.8959131543591069,0.3960770733840321,0.13456755620737687,6.657720327316116,0.013798067561946094,0.011693041233691288,1.1970365991399028,1,1.3277387898847022,1,1.1251796201165645,1,,,,
rkhs,32,32,10000,70,20260919,e8c8f269ba5c3bbb15e04f7d4d39213561b0f50bb86bdbcce849001afdec7949,0.05,0.9656631617970752,0.9325053420519243,0.08656631617970753,0.8799358167075965,10.16487538733763,0.010392155194279055,0.011359976581312546,1.0931299974779325,0.004902774519541358,0.004911790027340104,0.012497176940490403,0.01267672734368092,0.08781282098640208,0.8993095068012649,0.39766454683918284,0.13600099758039738,6.6125213991142635,0.01388395873093655,0.011707773248177018,1.2025587288544513,1,1.3360037904918658,1,1.126597229285242,1,,,,
rkhs,32,32,10000,71,20260919,18a8cc80bb8b5d25b23eac99fc693f1e5ec187838fc4d1305954548833644f7d,0.05,0.9656631617970752,0.9325053420519243,0.08656631617970753,0.8799358167075965,10.16487538733763,0.010392155194279055,0.011359976581312546,1.0931299974779325,0.003970010188886448,0.004013839665969799,0.012451896481628031,0.012631581522080952,0.08688930314856383,0.8957602407813613,0.39461452741569103,0.13489881993539007,6.640237781252546,0.013824857858351552,0.011727780672686133,1.1982015519247515,1,1.3303167244810028,1,1.1285224723301235,1,,,,
rkhs,32,32,10000,72,20260919,2742ffae75b2c235a6216a8f870a2688a756555f233eb34ed49dcbfd74285101,0.05,0.9656631617970752,0.9325053420519243,0.08656631617970753,0.8799358167075965,10.16487538733763,0.010392155194279055,0.011359976581312546,1.0931299974779325,0.004806453796039812,0.004791921202564047,0.01247051524696842,0.012650136890746233,0.08722970736505976,0.8970382092533731,0.39663419572568137,0.13535760636038502,6.6271725200653995,0.01384667853549513,0.011708335183090952,1.1999931692545849,1,1.3324164503545723,1,1.1266513022762077,1,,,,
rkhs,32,32,10000,73,20260919,c5ca4339ca86fe445b0b50836e63ffb1ac6552d616cda795d2ebd31dab9d06d6,0.05,0.9656631617970752,0.9325053420519243,0.08656631617970753,0.8799358167075965,10.16487538733763,0.010392155194279055,0.011359976581312546,1.0931299974779325,0.003989065854149693,0.003954287763940802,0.012439841628326337,0.012619585808092422,0.08653196865544242,0.8953420198943889,0.3954131972774846,0.13458833534890247,6.652448873621426,0.013801905877777451,0.011691518880036915,1.1970415564208035,1,1.3281081373164525,1,1.125033129458379,1,,,,
rkhs,32,32,10000,74,20260919,97dd197dd96f1f224af3f346ff44c434defaaaffcacdf963374b3ae1edeb8650,0.05,0.9656631617970752,0.9325053420519243,0.08656631617970753,0.8799358167075965,10.16487538733763,0.010392155194279055,0.011359976581312546,1.0931299974779325,0.00400342043278978,0.004066256292065407,0.01244970149969807,0.012629439542337136,0.08671267787440627,0.8966432579411325,0.3961058741006721,0.13480963863357145,6.651180635372186,0.013813518936890016,0.011686242013515449,1.1979903366485238,1,1.3292256205425457,1,1.1245253554285637,1,,,,
rkhs,32,32,10000,75,20260919,47813b1d748daf03c4e95ae58088a62f8caf92694711a85f474f544ef15b44ef,0.05,0.9656631617970752,0.9325053420519243,0.08656631617970753,0.8799358167075965,10.16487538733763,0.010392155194279055,0.011359976581312546,1.0931299974779325,0.004648072449608463,0.004660251397118332,0.01245392717079976,0.012633615439001244,0.08684118988573343,0.8961299974297612,0.39615404253621567,0.13494097221759038,6.640903668492653,0.013821770244587127,0.011699850119679129,1.1983969578952904,1,1.330019614429555,1,1.1258348149111523,1,,,,
rkhs,32,32,10000,76,20260919,678947ca08c70f94fd8870cc1d874e481f4657480a9959d19de2865df2cbe1d2,0.05,0.9656631617970752,0.9325053420519243,0.08656631617970753,0.8799358167075965,10.16487538733763,0.010392155194279055,0.011359976581312546,1.0931299974779325,0.003584918499021144,0.003617383261423661,0.012453551937939112,0.012633296686774029,0.08677640867861582,0.8973585787260341,0.3963741295148062,0.13488908091029247,6.6525664840345335,0.013817611633071871,0.011719436901569054,1.1983608505764876,1,1.3296194460874249,1,1.1277195810182545,1,,,,
rkhs,32,32,10000,77,20260919,9b7ae3e390f6c258cd345ced36be1e0cf046911a022948ad0364982b70094c5b,0.05,0.9656631617970752,0.9325053420519243,0.08656631617970753,0.8799358167075965,10.16487538733763,0.010392155194279055,0.011359976581312546,1.0931299974779325,0.004536981296611032,0.0045648101741621845,0.012444907863709165,0.012624634264285657,0.08661738624390444,0.8956785213621872,0.3960880970353232,0.1347133056287914,6.648775465656449,0.013807396645358096,0.011683629791697776,1.1975290621679864,1,1.3286364942816822,1,1.1242739906472612,1,,,,
rkhs,32,32,10000,78,20260919,e8ae3cc89f9a48867c20d2077c10c4f4182ad1785cc4b3c66418d632ec619544,0.05,0.9656631617970752,0.9325053420519243,0.08656631617970753,0.8799358167075965,10.16487538733763,0.010392155194279055,0.011359976581312546,1.0931299974779325,0.004145927817599021,0.004112725311657626,0.012449430915631384,0.012629203668199638,0.08664863474769428,0.8973926853206626,0.39664050189868405,0.13477690290470815,6.658356632183111,0.013809404668477906,0.011695175667199941,1.1979642993096247,1,1.3288297191789502,1,1.1253850090343347,1,,,,
rkhs,32,32,10000,79,20260919,c80aa8580e913f159dd2063c781ab2bf2f98c9381023d2213f70e86cb378fb5b,0.05,0.9656631617970752,0.9325053420519243,0.08656631617970753,0.8799358167075965,10.16487538733763,0.010392155194279055,0.011359976581312546,1.0931299974779325,0.0037243959716442396,0.0037358863311412614,0.012473938618639923,0.012653496964076744,0.08737110246654443,0.8960997395802505,0.39634650797103743,0.13548215717542716,6.614153171623539,0.01385572976241546,0.011714459873067887,1.2003225880909576,1,1.3332874176131553,1,1.127240659330874,1,,,,
rkhs,32,32,10000,80,20260919,2714c4d8d4bad3cdd96463f9523b6071659f646221181b98bf0449890aec0b24,0.05,0.9656631617970752,0.9325053420519243,0.08656631617970753,0.8799358167075965,10.16487538733763,0.010392155194279055,0.011359976581312546,1.0931299974779325,0.003633219336385055,0.003641244697908421,0.012444318885735902,0.012624095583861333,0.08653712378323876,0.8967347172715219,0.3965753408458895,0.13466157728805578,6.659172834083984,0.013802237333757052,0.011710952130372522,1.1974723869199506,1,1.3281400321422516,1,1.1269031217720338,1,,,,
rkhs,32,32,10000,81,20260919,307f839de642247e718b792acc51dbed7771635259834b498be5480572a0fbef,0.05,0.9656631617970752,0.9325053420519243,0.08656631617970753,0.8799358167075965,10.16487538733763,0.010392155194279055,0.011359976581312546,1.0931299974779325,0.004516133720213949,0.004590437640984393,0.012442046918918457,0.01262172088500899,0.08667934318629876,0.8940720446784834,0.3946495315344225,0.1346909143046423,6.637953638478405,0.013811377634389945,0.011722709322776718,1.1972537636627945,1,1.3290195706462498,1,1.128034474430303,1,,,,
rkhs,32,32,10000,82,20260919,f0833d5fd3e869e8abbe8d795b21dc5daa4753476524de65993eb92eb035200c,0.05,0.9656631617970752,0.9325053420519243,0.08656631617970753,0.8799358167075965,10.16487538733763,0.010392155194279055,0.011359976581312546,1.0931299974779325,0.0037243717889821875,0.003726344928527117,0.012464839008032245,0.012644516472320148,0.08705854103326945,0.8974783069773405,0.39668426364897125,0.1351893709106541,6.638675074318371,0.013835711720336546,0.011710102755857814,1.1994469650428445,1,1.3313611528774312,1,1.1268213894942887,1,,,,
rkhs,32,32,10000,83,20260919,6e62c73ca8aad9e732f45f02e2dab5c2ee9e3f8e316214ed7bfc12cdbe1fa23b,0.05,0.9656631617970752,0.9325053420519243,0.08656631617970753,0.8799358167075965,10.16487538733763,0.010392155194279055,0.011359976581312546,1.0931299974779325,0.004245272462424689,0.004245117795239323,0.012442544401107867,0.012622274851080419,0.08662538241444324,0.8954252409087059,0.39501283905821116,0.13465827004884648,6.649611944248918,0.013807910512289445,0.011713727779335017,1.1973016345981404,1,1.32868594186226,1,1.1271702125641365,1,,,,
rkhs,32,32,10000,84,20260919,b7031eb69ecf9b5dab2243e03e1fe8625ed708439383a38301e9409800593e36,0.05,0.9656631617970752,0.9325053420519243,0.08656631617970753,0.8799358167075965,10.16487538733763,0.010392155194279055,0.011359976581312546,1.0931299974779325,0.005591704213208525,0.005600477449671395,0.012439997157558991,0.012619780098995604,0.0865175886760923,0.8962446399293376,0.3952072816037774,0.1345618809038247,6.66046456774716,0.013800981245187215,0.01176656114368108,1.197056522443707,1,1.3280191632227298,1,1.1322541786287645,1,,,,
rkhs,32,32,10000,85,20260919,d40e5d0ebc24c7b1155a8d50266d9ba08a88f42277cb218bc779eb2d591cb3c5,0.05,0.9656631617970752,0.9325053420519243,0.08656631617970753,0.8799358167075965,10.16487538733763,0.010392155194279055,0.011359976581312546,1.0931299974779325,0.004357346364216013,0.004366048541121623,0.012444194897440542,0.012623924018881677,0.0866495657423147,0.8956361423600245,0.39523605883280943,0.13469554559580357,6.649337499605688,0.013809464488466426,0.01169324185089448,1.1974604559688589,1,1.3288354754429208,1,1.1251989247939331,1,,,,
rkhs,32,32,10000,86,20260919,fb482fca7c908ccdf80f993be4190bc9198448672c93ba302cc6a51c52f306c1,0.05,0.9656631617970752,0.9325053420519243,0.08656631617970753,0.8799358167075965,10.16487538733763,0.010392155194279055,0.011359976581312546,1.0931299974779325,0.004334622603201159,0.004350752178486899,0.012464916045615582,0.012644573969840464,0.08714844322203852,0.8970453183547961,0.3954369109319945,0.13520620023285074,6.634646316588395,0.013841473195297143,0.01170285556762757,1.1994543780945068,1,1.3319155590475553,1,1.126124018439415,1,,,,
rkhs,32,32,10000,87,20260919,8d4e34960be6741e1359a91f13642704eda4f6d71755d1af54909fbad01bdce2,0.05,0.9656631617970752,0.9325053420519243,0.08656631617970753,0.8799358167075965,10.16487538733763,0.010392155194279055,0.011359976581312546,1.0931299974779325,0.003937711291585131,0.003969159061147254,0.012431587504622262,0.012611336369168598,0.08641243965992103,0.8942429975809971,0.39430125627247026,0.13440356704410047,6.653417146939101,0.013794217827518777,0.0117155055778998,1.1962472915594955,1,1.3273683436822208,1,1.127341283774251,1,,,,
rkhs,32,32,10000,88,20260919,5b414ca5c42ce5b0b47714efde7b5b060a4b6ec48323c1053d4ea11ff0e7e209,0.05,0.9656631617970752,0.9325053420519243,0.08656631617970753,0.8799358167075965,10.16487538733763,0.010392155194279055,0.011359976581312546,1.0931299974779325,0.00402347738839896,0.004055439963473606,0.012442469878855066,0.012622206155311295,0.08660366450130585,0.89554656845327,0.3952786212308884,0.13465214029205164,6.650815698219786,0.013806514774249549,0.011715052838485295,1.1972944635877572,1,1.3285516349727071,1,1.1272977182764268,1,,,,
rkhs,32,32,10000,89,20260919,b6a414374e3e2843c2fd2691b26455a7dd706228ea46d6d690cc6efd00e09e53,0.05,0.9656631617970752,0.9325053420519243,0.08656631617970753,0.8799358167075965,10.16487538733763,0.010392155194279055,0.011359976581312546,1.0931299974779325,0.003799579239073302,0.00380747761358601,0.012452910836095081,0.012632613754023844,0.08684045936620022,0.8963142564723049,0.39559195383115064,0.13490730542217005,6.643926758950807,0.013821723357738252,0.011705340844795263,1.1982991596344217,1,1.3300151026754483,1,1.1263631677901735,1,,,,
rkhs,32,32,10000,90,20260919,f53328fc1878cece1cfa25accf514965da6d53739a6968e3e5e4780ddc0d65b5,0.05,0.9656631617970752,0.9325053420519243,0.08656631617970753,0.8799358167075965,10.16487538733763,0.010392155194279055,0.011359976581312546,1.0931299974779325,0.0037510750339726498,0.003783745482354126,0.012461440711361842,0.012641057118189667,0.08709603255408226,0.8955952659003299,0.3955746338193056,0.13516186335125857,6.626094400406847,0.013838114764754354,0.011710545967134245,1.1991199590843236,1,1.3315923892641943,1,1.1268640381333963,1,,,,
rkhs,32,32,10000,91,20260919,870160c8a033b2137e5df4df0a8decdb24db41ae0a2fc09ed62cee8b5e2d31ac,0.05,0.9656631617970752,0.9325053420519243,0.08656631617970753,0.8799358167075965,10.16487538733763,0.010392155194279055,0.011359976581312546,1.0931299974779325,0.004415461196577958,0.004377567843255508,0.01246513401163135,0.012644765862416035,0.08714005515054704,0.8964847062644592,0.3960065585029465,0.13523119773724687,6.62927431883227,0.013840935762779958,0.011672411576273935,1.1994753521861838,1,1.3318638438347685,1,1.1231945018199565,1,,,,
rkhs,32,32,10000,92,20260919,f9e50d283a9202253b4ef5d42e5f87f01c3891834b656360faf2aefd4135fce6,0.05,0.9656631617970752,0.9325053420519243,0.08656631617970753,0.8799358167075965,10.16487538733763,0.010392155194279055,0.011359976581312546,1.0931299974779325,0.004309772364316532,0.004312880268645686,0.012442856613982211,0.012622633419101175,0.08654031625608974,0.8965233297674393,0.3959711779481958,0.13462938597933075,6.659194968809261,0.013802442593207395,0.011687163428346524,1.1973316777286083,1,1.3281597835264936,1,1.124614019888808,1,,,,
rkhs,32,32,10000,93,20260919,e687ac16ce57a475ea2eb436df425900ed135a2374a819de41b8257504874b31,0.05,0.9656631617970752,0.9325053420519243,0.08656631617970753,0.8799358167075965,10.16487538733763,0.010392155194279055,0.011359976581312546,1.0931299974779325,0.0034228716413764212,0.0034269179125089354,0.012438818941449648,0.012618594407020189,0.08647019757731843,0.8959026460078026,0.39567272308809653,0.1345417778457334,6.658917849554888,0.01379793345376799,0.011692734916571695,1.196943146913096,1,1.3277258851334166,1,1.1251501443135317,1,,,,
rkhs,32,32,10000,94,20260919,68dee0d5a554c226b59325cc5274c7ad597087d4936f1b882936dfa20a98297f,0.05,0.9656631617970752,0.9325053420519243,0.08656631617970753,0.8799358167075965,10.16487538733763,0.010392155194279055,0.011359976581312546,1.0931299974779325,0.00345367161183865,0.003474628972465488,0.012458451198461623,0.012638136666225314,0.08695253175035757,0.8967270754030058,0.3959887266447961,0.13504262962201805,6.6403259319885075,0.01382891418216435,0.011691791576758186,1.1988322889288716,1,1.3307070500426372,1,1.125059370090488,1,,,,
rkhs,32,32,10000,95,20260919,c932dc8eba71c8fbea270b180025b8ec47ad483d5c72ab44dbccf571aa2203fd,0.05,0.9656631617970752,0.9325053420519243,0.08656631617970753,0.8799358167075965,10.16487538733763,0.010392155194279055,0.011359976581312546,1.0931299974779325,0.003877433016311764,0.003899722632881031,0.012415497817820169,0.012595353255934607,0.08592274165734289,0.8943078558648964,0.3952412001422777,0.13396902301380537,6.6754824044117935,0.013762665022146098,0.011714891522158476,1.1946990384299665,1,1.3243321298475728,1,1.1272821953821086,1,,,,
rkhs,32,32,10000,96,20260919,ee6d49806bacb56709b687441071c17f452f18d1ea700b93a1cdcf48fbfb9912,0.05,0.9656631617970752,0.9325053420519243,0.08656631617970753,0.8799358167075965,10.16487538733763,0.010392155194279055,0.011359976581312546,1.0931299974779325,0.0038649637088357157,0.0038555254129118534,0.012431932564798107,0.012611749557213997,0.0862681778787138,0.8958386502904543,0.3959962890857698,0.1343587188139616,6.667514086159662,0.013784931890968286,0.011702762403851331,1.1962804954685398,1,1.3264747911537131,1,1.1261150536217717,1,,,,
rkhs,32,32,10000,97,20260919,a8cd66d050ebc878b2c2e83e637d8f24c27da39ae62fccd9094b93841a9d6c40,0.05,0.9656631617970752,0.9325053420519243,0.08656631617970753,0.8799358167075965,10.16487538733763,0.010392155194279055,0.011359976581312546,1.0931299974779325,0.004112934181061813,0.0041308369433599055,0.012452410352123758,0.012632123271616016,0.08676000605114134,0.8964683216167723,0.39664565304293575,0.13488857575259067,6.645991453427847,0.013816558424725412,0.011719538352077601,1.1982509998483168,1,1.3295180996076263,1,1.1277293432385689,1,,,,
rkhs,32,32,10000,98,20260919,22f56cd30a36b67cac292e89642a5a553a7708aff7d7dfe5a370d2fd51a3e4ac,0.05,0.9656631617970752,0.9325053420519243,0.08656631617970753,0.8799358167075965,10.16487538733763,0.010392155194279055,0.011359976581312546,1.0931299974779325,0.004202502393306421,0.00427409875276383,0.012464666874887299,0.012644304272463677,0.08712389813663889,0.8965425235205365,0.396033457558127,0.1352166166137317,6.630416778447108,0.013839900493091226,0.011735120109195736,1.199430401284728,1,1.331764223527972,1,1.1292287201076434,1,,,,
rkhs,32,32,10000,99,20260919,582fd9f5d85c31c6a234b3991a670ff8858ac7a01f5c699425a22421dcaad248,0.05,0.9656631617970752,0.9325053420519243,0.08656631617970753,0.8799358167075965,10.16487538733763,0.010392155194279055,0.011359976581312546,1.0931299974779325,0.00378680043268054,0.0037912754911157993,0.0124638431807428,0.012643490401603537,0.08711926134638938,0.8966454469866747,0.39567331059412736,0.13519087604913602,6.632440540297875,0.013839603370439556,0.011693316674501847,1.1993511401373433,1,1.331735632475768,1,1.1252061248025904,1,,,,
rkhs,64,64,10000,0,20260919,85ba1b7a5d07d1acf0ba54819b638c28db2d529542b78e9e1325834b7dff7c58,0.05,0.9988209815422265,0.9976433531689769,0.08988209815422266,0.9450118473839516,10.51390506886554,0.01062256604505115,0.012138769614555383,1.1427342097073243,0.004308385322167535,0.0043567349119518995,0.01278964147300629,0.012976208832681016,0.09000140821603744,0.9614603853634094,0.45830837091050675,0.14172736776807607,6.783872448239861,0.014847587850152187,0.012540079707345992,1.2040067737648699,1,1.397740224648393,1,1.1805132257274291,1,,,,
rkhs,64,64,10000,1,20260919,0419ff213af4d90c281691de17d90327fed440334b6d65f82b257baace0d05c5,0.05,0.9988209815422265,0.9976433531689769,0.08988209815422266,0.9450118473839516,10.51390506886554,0.01062256604505115,0.012138769614555383,1.1427342097073243,0.003874652736267196,0.0039027150101818447,0.012830176393221964,0.013016586582588687,0.0908904890583591,0.9639337415635417,0.4610276235500518,0.14276431703490305,6.751923460873483,0.014906148879329617,0.012543586412712459,1.2078226992242893,1,1.4032531138061604,1,1.1808433442083681,1,,,,
rkhs,64,64,10000,2,20260919,80c7897ac59b7646d903f2a8fe8acbcd62f69180b01dbb153e01eaac9a6ca44e,0.05,0.9988209815422265,0.9976433531689769,0.08988209815422266,0.9450118473839516,10.51390506886554,0.01062256604505115,0.012138769614555383,1.1427342097073243,0.003236256658123766,0.003243893715477544,0.012788302424887021,0.012974906206288241,0.08994206405231016,0.9621148367679837,0.45832220999247475,0.14166877725946994,6.791297668969403,0.014843668756283814,0.012498460848092344,1.203880716829701,1,1.3973712842387263,1,1.1765952591008024,1,,,,
rkhs,64,64,10000,3,20260919,5021e4d1ecaa2476f48968c9960da93f0934f3507c9bfe3a21a3e28b6e7b27cd,0.05,0.9988209815422265,0.9976433531689769,0.08988209815422266,0.9450118473839516,10.51390506886554,0.01062256604505115,0.012138769614555383,1.1427342097073243,0.004373750110876087,0.004375114487858511,0.012788880849277375,0.012975458640027093,0.08999222990263829,0.961590219313396,0.45801304837486767,0.1417021039304523,6.785998179570761,0.014846981797998041,0.01250260028228467,1.2039351692461793,1,1.397683171375994,1,1.1769849421750023,1,,,,
rkhs,64,64,10000,4,20260919,a64c77415eb484e2e7a021a961bce67a5aeef09ed939e3aa48fda8f750124a5e,0.05,0.9988209815422265,0.9976433531689769,0.08988209815422266,0.9450118473839516,10.51390506886554,0.01062256604505115,0.012138769614555383,1.1427342097073243,0.005387273189898059,0.005365254680453782,0.012810817652298087,0.012997274067455027,0.09053583479981399,0.9620738092930065,0.4588476498929665,0.14229115424338434,6.761304414239348,0.014882823381049903,0.012557927688100446,1.2060002826027523,1,1.4010572697717916,1,1.1821934205766547,1,,,,
rkhs,64,64,10000,5,20260919,ee820484f5db93028a4e379417328ceb53dc1dcb88872dafed7c2543a505812e,0.05,0.9988209815422265,0.9976433531689769,0.08988209815422266,0.9450118473839516,10.51390506886554,0.01062256604505115,0.012138769614555383,1.1427342097073243,0.0039275943863442105,0.003935541773274044,0.012792832616491641,0.012979419833956694,0.09001583924218272,0.9624157798145989,0.4590764639043612,0.14178361076204424,6.787919807105375,0.014848540681088443,0.012486828921787065,1.2043071854988914,1,1.3978299234021796,1,1.1755002387209859,1,,,,
rkhs,64,64,10000,6,20260919,92ecccfd3d102a67d541acaf76c6f1d1f29050098ef38b3a5104f4bb71badb6f,0.05,0.9988209815422265,0.9976433531689769,0.08988209815422266,0.9450118473839516,10.51390506886554,0.01062256604505115,0.012138769614555383,1.1427342097073243,0.00382286592320609,0.003846250088240421,0.012799345480551968,0.012985929812619942,0.09005941949526937,0.9633423260897679,0.4610121994834392,0.14193240996837853,6.787331563695658,0.014851417671545224,0.012535020775913886,1.204920301391295,1,1.3981007610175524,1,1.1800369819073717,1,,,,
rkhs,64,64,10000,7,20260919,04b7438ff35fe734b61319b920f67227a416511a7568e5a2491c92c64cc2fd27,0.05,0.9988209815422265,0.9976433531689769,0.08988209815422266,0.9450118473839516,10.51390506886554,0.01062256604505115,0.012138769614555383,1.1427342097073243,0.004323233507321007,0.004349951107193258,0.012793237008155316,0.012979796733003583,0.09005285284784786,0.9618290018686484,0.45895879807194323,0.14181422137164318,6.782316981793008,0.014850984212829585,0.012522009350014735,1.2043452546115672,1,1.3980599555555009,1,1.178812096522431,1,,,,
rkhs,64,64,10000,8,20260919,081c1316c7251dc6a27754f7d147d43c6d0c35dd31eaceb148d772865f9d8609,0.05,0.9988209815422265,0.9976433531689769,0.08988209815422266,0.9450118473839516,10.51390506886554,0.01062256604505115,0.012138769614555383,1.1427342097073243,0.004430637286798796,0.004408643757019803,0.012795018383488859,0.012981567882380666,0.0901427643812735,0.9618596696331111,0.4581905680560458,0.14186230811029074,6.780234175277298,0.014856917822858164,0.01251661072662622,1.2045129518822633,1,1.3986185409296388,1,1.1783038743691756,1,,,,
rkhs,64,64,10000,9,20260919,5d9161b9bc35b980dd30c9d1d593004afd7797de534efa73450320a3c8cd1f76,0.05,0.9988209815422265,0.9976433531689769,0.08988209815422266,0.9450118473839516,10.51390506886554,0.01062256604505115,0.012138769614555383,1.1427342097073243,0.004256937209547984,0.004319219473459427,0.012797944941649113,0.01298450735450874,0.09008892646000376,0.9626109564586902,0.4602047894897486,0.14191805621509182,6.782864577850133,0.01485336520574752,0.012527160670218617,1.204788455762196,1,1.398284100353268,1,1.179297037748688,1,,,,
rkhs,64,64,10000,10,20260919,a006fd3a8b8c639d847bac27a9f07e04c7636662e0332f28ee4a73e793783995,0.05,0.9988209815422265,0.9976433531689769,0.08988209815422266,0.9450118473839516,10.51390506886554,0.01062256604505115,0.012138769614555383,1.1427342097073243,0.004297787003842052,0.004286802746212511,0.012803614642147522,0.012990162311649789,0.0902529164034744,0.9631284815030535,0.4597485941833602,0.14205724737035835,6.779861635584668,0.014864183149106782,0.012514894416937457,1.2053221969010472,1,1.3993024930197275,1,1.1781423023270263,1,,,,
rkhs,64,64,10000,11,20260919,0f70cecbb715eb5551be00e871d5b1cb58501d757dcc50411f319647edb85c44,0.05,0.9988209815422265,0.9976433531689769,0.08988209815422266,0.9450118473839516,10.51390506886554,0.01062256604505115,0.012138769614555383,1.1427342097073243,0.003662216105915177,0.003689409947132466,0.012799521853421378,0.0129861101666002,0.09012364538561811,0.9634633040891786,0.4598457995738466,0.14193326147108856,6.78814320268004,0.014855656334159053,0.012523973863038594,1.2049369049942908,1,1.3984997853771894,1,1.1789970342310343,1,,,,
rkhs,64,64,10000,12,20260919,3ab9f496d4fbedb9eaaeefea6071b7dbc0a906f84db8a940ec2a1575dabba8a8,0.05,0.9988209815422265,0.9976433531689769,0.08988209815422266,0.9450118473839516,10.51390506886554,0.01062256604505115,0.012138769614555383,1.1427342097073243,0.005324846765618552,0.005308351552518879,0.012804091645955088,0.012990667406759849,0.09020560000480853,0.9638648996904189,0.4604115694252016,0.14204596627392338,6.7855844482883,0.014861062832312696,0.01253814655974699,1.205367101663752,1,1.399008748854631,1,1.1803312407352151,1,,,,
rkhs,64,64,10000,13,20260919,444ba6f18a940de02d3c79733a752d53a14c1e9fa45e9785d4590e35cd0eaa42,0.05,0.9988209815422265,0.9976433531689769,0.08988209815422266,0.9450118473839516,10.51390506886554,0.01062256604505115,0.012138769614555383,1.1427342097073243,0.004390515472254018,0.0043955738624569425,0.01281017525032043,0.012996680506363666,0.09043885308989776,0.9631283728126143,0.4596590350708871,0.14223831417662205,6.7712302299693015,0.014876436973520393,0.012528768832896343,1.2059398073866008,1,1.4004560583975882,1,1.1794484289164062,1,,,,
rkhs,64,64,10000,14,20260919,e849a9b92210c788f49945687b62c3efe4843d92a6024c2701af925e45055555,0.05,0.9988209815422265,0.9976433531689769,0.08988209815422266,0.9450118473839516,10.51390506886554,0.01062256604505115,0.012138769614555383,1.1427342097073243,0.0043752709804794915,0.004426481571130064,0.012793045235093913,0.012979619880728254,0.09002728115906677,0.9621516391034199,0.4591348642151376,0.14179823033126085,6.785357171635336,0.014849296097154456,0.012518324362451292,1.204327201246628,1,1.3979010376755867,1,1.178465194695903,1,,,,
rkhs,64,64,10000,15,20260919,9ed672211e868ae07e2c6b06c7728fc0108f6764f927baba5cb880efd9ab609e,0.05,0.9988209815422265,0.9976433531689769,0.08988209815422266,0.9450118473839516,10.51390506886554,0.01062256604505115,0.012138769614555383,1.1427342097073243,0.0037778150567439796,0.003797711811422264,0.012790713764206721,0.012977325608894317,0.08989450153997118,0.9626733707647369,0.460077152269963,0.141716694171487,6.7929426126736745,0.01484052679026035,0.012543622021242836,1.204107718413826,1,1.3970755020322294,1,1.1808466963673687,1,,,,
rkhs,64,64,10000,16,20260919,f13e756decb63184d78821dcb776f8232ac9f51dc2f87527a701ab98dd574957,0.05,0.9988209815422265,0.9976433531689769,0.08988209815422266,0.9450118473839516,10.51390506886554,0.01062256604505115,0.012138769614555383,1.1427342097073243,0.004467566136150217,0.004482716187386267,0.012786283920436592,0.012972894954504717,0.08988157696919637,0.9619776871451365,0.45849555717565,0.14161772943365483,6.792777224943467,0.014839672853180969,0.012538630900924334,1.20369069641073,1,1.3969951130682297,1,1.1803768362321307,1,,,,
rkhs,64,64,10000,17,20260919,770845a3d8581af15fcecb0ed6873f34ad1913130e79b2b1eec6bbceb95baf77,0.05,0.9988209815422265,0.9976433531689769,0.08988209815422266,0.9450118473839516,10.51390506886554,0.01062256604505115,0.012138769614555383,1.1427342097073243,0.004635726134136791,0.004637508372991688,0.012814797950653057,0.01300130630965645,0.09045257291285225,0.9639072054568398,0.4612793725586606,0.14234006849900835,6.771861329148898,0.014877340654642673,0.01254045212704192,1.206374984754576,1,1.4005411302266029,1,1.1805482850242457,1,,,,
rkhs,64,64,10000,18,20260919,c069e8a08cde76d2da0673796587f42bd455973f584aa099800313fa2ee39ca5,0.05,0.9988209815422265,0.9976433531689769,0.08988209815422266,0.9450118473839516,10.51390506886554,0.01062256604505115,0.012138769614555383,1.1427342097073243,0.004487499795626338,0.004526553874223264,0.012811070969197326,0.012997537309702111,0.09057818606171979,0.9623465386478506,0.4580315255462839,0.14228906664967467,6.763320340115893,0.014885611209307443,0.01250834977795187,1.2060241296561067,1,1.4013197137279616,1,1.1775261951681881,1,,,,
rkhs,64,64,10000,19,20260919,f5b3023bd28482fdf25ce8e281058418c6648aaca8fbafbc284fb02c98ebf415,0.05,0.9988209815422265,0.9976433531689769,0.08988209815422266,0.9450118473839516,10.51390506886554,0.01062256604505115,0.012138769614555383,1.1427342097073243,0.003744512712663555,0.0037374971807700623,0.012788648900240137,0.012975232610463756,0.08999846251538739,0.9616943819135217,0.45771797327089614,0.14169225931578167,6.787204795501545,0.014847393346299646,0.01253238052909945,1.203913333746522,1,1.397721914208927,1,1.1797884311520044,1,,,,
rkhs,64,64,10000,20,20260919,99927a7fcebcda2cf9f28b66e20b2877676e0d508f9fdcc520b0d090ca0ef42a,0.05,0.9988209815422265,0.9976433531689769,0.08988209815422266,0.9450118473839516,10.51390506886554,0.01062256604505115,0.012138769614555383,1.1427342097073243,0.0038286071206243295,0.0038353295707516544,0.012807532539351088,0.01299404899531805,0.09039783047268,0.9629895330197188,0.4591568631803221,0.14216997659060607,6.77350841656781,0.014873734535176035,0.01253104334418661,1.2056910246576318,1,1.400201652980583,1,1.1796625496176212,1,,,,
rkhs,64,64,10000,21,20260919,df22abf4ed390b6dfb2f7c2767de96bfd7707278501b558a3b17717b80759d74,0.05,0.9988209815422265,0.9976433531689769,0.08988209815422266,0.9450118473839516,10.51390506886554,0.01062256604505115,0.012138769614555383,1.1427342097073243,0.0031702378873770852,0.003159353591924162,0.01280856779656816,0.012995095809652768,0.09038593367923654,0.9634204484304096,0.4596376230607281,0.14218423039291295,6.775860063862824,0.014872950697917872,0.012503361491945642,1.2057884829565664,1,1.4001278631585345,1,1.177056601852875,1,,,,
rkhs,64,64,10000,22,20260919,2f6a0e3e972c8f61ece6ede4cce2e69564158e9f0a1db904262e36aea4c579e8,0.05,0.9988209815422265,0.9976433531689769,0.08988209815422266,0.9450118473839516,10.51390506886554,0.01062256604505115,0.012138769614555383,1.1427342097073243,0.004105595512194881,0.0041196053289624945,0.012808536439946483,0.012995046714277812,0.09031487280626967,0.9629967865543382,0.46118870676058404,0.14219744651991906,6.772250909719686,0.01486826767594851,0.012499745234307446,1.2057855310689016,1,1.399687007159193,1,1.1767161702073707,1,,,,
rkhs,64,64,10000,23,20260919,de5da435348670b9232694f5159129fc62f34e332f6f3cfb5e85dd5374114f1b,0.05,0.9988209815422265,0.9976433531689769,0.08988209815422266,0.9450118473839516,10.51390506886554,0.01062256604505115,0.012138769614555383,1.1427342097073243,0.00401430182800677,0.00403659770281674,0.012794616997892229,0.012981156774516112,0.09011781099705743,0.9615692100758676,0.45862274416393234,0.14186088802735092,6.778254552378638,0.014855271349256245,0.012512871885987233,1.2044751657583712,1,1.3984635432016947,1,1.1779519028565362,1,,,,
rkhs,64,64,10000,24,20260919,8e9893fe75222ee52778570fd81aed6795e072d8c5df8c6786a01d093c8e87b2,0.05,0.9988209815422265,0.9976433531689769,0.08988209815422266,0.9450118473839516,10.51390506886554,0.01062256604505115,0.012138769614555383,1.1427342097073243,0.0038090203112664516,0.0038286164451491168,0.012777213796598285,0.012963821118063946,0.08969841553178155,0.9605057545472521,0.4581694133712489,0.1414168070391112,6.792019807671149,0.014827564618805335,0.012523859406412128,1.2028368420972015,1,1.3958552534218616,1,1.1789862593743772,1,,,,
rkhs,64,64,10000,25,20260919,e6aaf5dd596022e1eb956bebb7f293e8de79b25e0ff1822f235cea19f326d9e8,0.05,0.9988209815422265,0.9976433531689769,0.08988209815422266,0.9450118473839516,10.51390506886554,0.01062256604505115,0.012138769614555383,1.1427342097073243,0.004994807339219446,0.004962980483015756,0.012788408428243025,0.012974975001453943,0.0899845704257184,0.9612537275130038,0.45811965803200755,0.14170025182889026,6.783712203093068,0.014846476012302632,0.012498544517838654,1.2038906959021356,1,1.3976355571090395,1,1.1766031357048128,1,,,,
rkhs,64,64,10000,26,20260919,2c457b060e1eac12bf8cb1dbbd1cf71ab3bb071735be64b0adf79769af56716f,0.05,0.9988209815422265,0.9976433531689769,0.08988209815422266,0.9450118473839516,10.51390506886554,0.01062256604505115,0.012138769614555383,1.1427342097073243,0.0037740140766527462,0.0037456060098860207,0.012797357108110122,0.01298391843247075,0.09011314209471206,0.9624955355105405,0.4595317112658643,0.14190567898576498,6.782642825782128,0.014854963260538607,0.012497920374722355,1.2047331175758766,1,1.3984345399725002,1,1.1765443793634869,1,,,,
rkhs,64,64,10000,27,20260919,61395bf4e1fda919970b671e20ae02ac6b31844fe3c43a9e240f6748e884095d,0.05,0.9988209815422265,0.9976433531689769,0.08988209815422266,0.9450118473839516,10.51390506886554,0.01062256604505115,0.012138769614555383,1.1427342097073243,0.00397146019679675,0.003965349249242595,0.012808242786327646,0.012994735890064725,0.09041385664391598,0.962546720351488,0.45949337737422435,0.1422043086515698,6.76875918513783,0.014874790360863251,0.012521976740012835,1.2057578867485377,1,1.4003010475790951,1,1.1788090266425393,1,,,,
rkhs,64,64,10000,28,20260919,29f7c2567e02bc60aa0cd9b01022dd68438e3d3953f51f7921c77d3c81eb6dca,0.05,0.9988209815422265,0.9976433531689769,0.08988209815422266,0.9450118473839516,10.51390506886554,0.01062256604505115,0.012138769614555383,1.1427342097073243,0.003891540176725925,0.004087441129662171,0.012807200289818452,0.012993746415558392,0.09032207364184934,0.9636395108045704,0.4599841774123309,0.14213921245443545,6.7795472773811625,0.014868742306070513,0.012517552685469934,1.205659746948345,1,1.3997316884650084,1,1.178392549632734,1,,,,
rkhs,64,64,10000,29,20260919,cbda84a7fba6a3cd42d3e311a1c94b3d84c2ba3fcd60e3e398a2accd42beb50c,0.05,0.9988209815422265,0.9976433531689769,0.08988209815422266,0.9450118473839516,10.51390506886554,0.01062256604505115,0.012138769614555383,1.1427342097073243,0.005068195842081584,0.005019159218385388,0.012793750708392384,0.012980304180390558,0.09008269434193085,0.9617599422024811,0.45871279177758134,0.14183067334216518,6.781043335261084,0.014852953896784038,0.012557209199043283,1.2043936139472389,1,1.3982453800514372,1,1.1821257825827731,1,,,,
rkhs,64,64,10000,30,20260919,1989cc6be48a2f7fab2b0bb54b08fef5733b1f329b00cbb8d4300d370eb795ff,0.05,0.9988209815422265,0.9976433531689769,0.08988209815422266,0.9450118473839516,10.51390506886554,0.01062256604505115,0.012138769614555383,1.1427342097073243,0.0041317843391875,0.0041354462538295,0.012825376253460452,0.013011791564672514,0.09085789955743623,0.9633229136849906,0.45955867717285004,0.14265190300385763,6.752962234642886,0.014904007379122494,0.012520675458882411,1.2073708178482494,1,1.403051514663539,1,1.178686525061951,1,,,,
rkhs,64,64,10000,31,20260919,851bf30996d7c6bf375214126c958aa812ab703f18f8fd266cbfd282f8bb3f80,0.05,0.9988209815422265,0.9976433531689769,0.08988209815422266,0.9450118473839516,10.51390506886554,0.01062256604505115,0.012138769614555383,1.1427342097073243,0.00485794809291039,0.004814907185811028,0.012796939049136568,0.012983529292291351,0.09005801326427292,0.9631143311432705,0.45995614025113213,0.141873627965302,6.7885367066162505,0.01485132484878339,0.01250672571944589,1.2046937618334146,1,1.3980920227558704,1,1.1773733075797193,1,,,,
rkhs,64,64,10000,32,20260919,3ddee2f5e0b16b6669162764d2a6e5430348496ba2e8ea5974719e164a53f5a4,0.05,0.9988209815422265,0.9976433531689769,0.08988209815422266,0.9450118473839516,10.51390506886554,0.01062256604505115,0.012138769614555383,1.1427342097073243,0.004374711142711337,0.004354330707310597,0.012786252279193616,0.012972828907894743,0.08987001370952875,0.9611617431640863,0.45918896434284623,0.14164390637404795,6.785761334666146,0.01483890880701404,0.012542539443665297,1.2036877177290402,1,1.3969231863639204,1,1.1807447833669742,1,,,,
rkhs,64,64,10000,33,20260919,fd87f2194ffe3fb576459f00c02a273b3ee1ba0a6b850c37aa54cc0ddb236401,0.05,0.9988209815422265,0.9976433531689769,0.08988209815422266,0.9450118473839516,10.51390506886554,0.01062256604505115,0.012138769614555383,1.1427342097073243,0.004134151600010848,0.004114711218715746,0.012819990482498616,0.013006414783277895,0.0907288575718191,0.9627142180060076,0.45956634774739946,0.1425232781787064,6.754785816804496,0.014895524082122608,0.012524580777094124,1.2068638056123175,1,1.4022529037663312,1,1.1790541686421507,1,,,,
rkhs,64,64,10000,34,20260919,4dcee20f8ff2af1987c941e028f31a1f8617d26ff72fc0adf1f7e541c899fcc8,0.05,0.9988209815422265,0.9976433531689769,0.08988209815422266,0.9450118473839516,10.51390506886554,0.01062256604505115,0.012138769614555383,1.1427342097073243,0.003356689714212791,0.0033763215418020657,0.012790836781739694,0.012977392621445549,0.09004743426962496,0.9613712102774226,0.45812240330171883,0.14176326520765742,6.7815255868238395,0.014850626525267585,0.012523211919304727,1.2041192991874783,1,1.3980262831301677,1,1.1789253054481172,1,,,,
rkhs,64,64,10000,35,20260919,9bd614b43f2a016bd0e2b33bb589b4d48a2d96a45859793214f9675493a431a4,0.05,0.9988209815422265,0.9976433531689769,0.08988209815422266,0.9450118473839516,10.51390506886554,0.01062256604505115,0.012138769614555383,1.1427342097073243,0.005662764890470867,0.005681887370803602,0.012821723745642843,0.013008105120603948,0.09087303703426163,0.9619656681640252,0.4582568459347286,0.1425961905153066,6.746082519369728,0.014905002130966894,0.012596836307979533,1.2070269736394097,1,1.4031451598185967,1,1.1858562474034375,1,,,,
rkhs,64,64,10000,36,20260919,448730fbd5065ea9b79a4b17a389ecc324b50d9a6530803c5f6a3788732d68f4,0.05,0.9988209815422265,0.9976433531689769,0.08988209815422266,0.9450118473839516,10.51390506886554,0.01062256604505115,0.012138769614555383,1.1427342097073243,0.0038223328428989983,0.0037962442672240127,0.012779609752101595,0.012966239297917452,0.0897364509864015,0.9613950718298009,0.45814088448535056,0.14145328858297657,6.796555113427752,0.014830080041007308,0.01253110500656577,1.2030623954609696,1,1.3960920532865368,1,1.1796683544654232,1,,,,
rkhs,64,64,10000,37,20260919,879af5fd9bce60320604bd00d0d7c41b61fe6dedd4be24b5b20a451c8b27da0d,0.05,0.9988209815422265,0.9976433531689769,0.08988209815422266,0.9450118473839516,10.51390506886554,0.01062256604505115,0.012138769614555383,1.1427342097073243,0.0037007045559014,0.0036903342025385332,0.012801945314640486,0.012988458556962105,0.09027988141318684,0.9620613081859195,0.45905801753232967,0.14204664919506643,6.772854647664113,0.014865961011812135,0.012525248709810647,1.2051650477244777,1,1.3994698596143726,1,1.1791170473019483,1,,,,
rkhs,64,64,10000,38,20260919,c355466e9984ea2c93e3d25cbcd51a866416c7e47905316a96924f393d27b111,0.05,0.9988209815422265,0.9976433531689769,0.08988209815422266,0.9450118473839516,10.51390506886554,0.01062256604505115,0.012138769614555383,1.1427342097073243,0.003753736156982874,0.0037560994770521267,0.01278839051282497,0.012975006014829074,0.08992594503953978,0.9624048090842218,0.45848635629302975,0.14166159653407903,6.793688851676181,0.01484260403197445,0.012540698654308355,1.203889009358792,1,1.3972710519309348,1,1.1805714929069164,1,,,,
rkhs,64,64,10000,39,20260919,89af5e5c5e47c2392e28aad343b9a01aa9e2b5a795bbe62f858d1b296fbc7eda,0.05,0.9988209815422265,0.9976433531689769,0.08988209815422266,0.9450118473839516,10.51390506886554,0.01062256604505115,0.012138769614555383,1.1427342097073243,0.004165650001606361,0.004147386596513908,0.012805649990041015,0.012992158390359937,0.09042913633127876,0.9625121731873382,0.4579190217706561,0.1421338878626723,6.771869732553179,0.014875796920055744,0.012516561762705844,1.2055138029484809,1,1.4003958042686016,1,1.1782992649442805,1,,,,
rkhs,64,64,10000,40,20260919,62852e8dcb14803dc99ea92eab61b4c67b870bc5da06429e26dbde97a4609d84,0.05,0.9988209815422265,0.9976433531689769,0.08988209815422266,0.9450118473839516,10.51390506886554,0.01062256604505115,0.012138769614555383,1.1427342097073243,0.004479537105719989,0.004355672054039854,0.012812763267112929,0.01299926062050847,0.09052311075780019,0.9633366715325156,0.45929642009810145,0.142302849385837,6.769623206352983,0.014881985676652661,0.012526349633139441,1.2061834412488448,1,1.4009784089397017,1,1.1792206873569149,1,,,,
rkhs,64,64,10000,41,20260919,e47eed92cab75fe85932d4d794dfb258e53032019f2379c1f7702549ab21c0c1,0.05,0.9988209815422265,0.9976433531689769,0.08988209815422266,0.9450118473839516,10.51390506886554,0.01062256604505115,0.012138769614555383,1.1427342097073243,0.004531865121249376,0.004492682522564687,0.012786313154196665,0.012972908407379895,0.08988204044872335,0.9616100214473862,0.45872563275797135,0.14163071844105227,6.789558310739031,0.014839703476717928,0.01254604373382666,1.2036934484538755,1,1.3969979959438765,1,1.1810746744824074,1,,,,
rkhs,64,64,10000,42,20260919,03f0facbf974f673ba160f91098e77ebaf256144ad70435375b4961290716e9d,0.05,0.9988209815422265,0.9976433531689769,0.08988209815422266,0.9450118473839516,10.51390506886554,0.01062256604505115,0.012138769614555383,1.1427342097073243,0.0036104466222903323,0.0036579136908130518,0.012791691059917003,0.01297824664763805,0.09007867906605656,0.9614955921633366,0.457905236916524,0.1417826795650947,6.781474261261218,0.01485268888801717,0.012550120088872721,1.2041997202621684,1,1.3982204323348737,1,1.1814584193354658,1,,,,
rkhs,64,64,10000,43,20260919,9cd615ad7260b39dbeb53a071080969705e4aab10d3f7c4209507d4b3654b1d0,0.05,0.9988209815422265,0.9976433531689769,0.08988209815422266,0.9450118473839516,10.51390506886554,0.01062256604505115,0.012138769614555383,1.1427342097073243,0.003811031277005667,0.0038728901611671386,0.012794655903565723,0.012981258309395397,0.09006540415590474,0.9630527519896384,0.45870100800068325,0.14181274170375854,6.791017086471815,0.01485181270005282,0.012505883882510584,1.2044788283078276,1,1.3981379486900902,1,1.1772940577137514,1,,,,
rkhs,64,64,10000,44,20260919,c8faade8dd6b97da754dd1231b4f64f79213a37c8797cd1efdd0a708399a6508,0.05,0.9988209815422265,0.9976433531689769,0.08988209815422266,0.9450118473839516,10.51390506886554,0.01062256604505115,0.012138769614555383,1.1427342097073243,0.003848965906943746,0.003860753659966451,0.012796907346951235,0.012983408314982143,0.09020511712447762,0.961003849360561,0.45852434052095903,0.14194283675288422,6.770358204363799,0.014861030984174937,0.012538142422875992,1.2046907774146596,1,1.3990057506960294,1,1.1803308512934378,1,,,,
rkhs,64,64,10000,45,20260919,21cb1c336db1fbe648c5f6babf44df2730c9db58d177976cd08279498e5ad0f1,0.05,0.9988209815422265,0.9976433531689769,0.08988209815422266,0.9450118473839516,10.51390506886554,0.01062256604505115,0.012138769614555383,1.1427342097073243,0.0043252000831402945,0.004336600258469631,0.012787931239868364,0.012974468633148306,0.0900121134863308,0.9604935636717113,0.45783599482046966,0.14171234133667482,6.777769350305257,0.014848294689580509,0.012513410544093679,1.2038457737644301,1,1.397806765955392,1,1.1780026117063718,1,,,,
rkhs,64,64,10000,46,20260919,ac7ce2f4b393d2dea9917b65b97c5dcce94c28e9a9479d90f5552a341f499e3f,0.05,0.9988209815422265,0.9976433531689769,0.08988209815422266,0.9450118473839516,10.51390506886554,0.01062256604505115,0.012138769614555383,1.1427342097073243,0.005386671845089053,0.005354339629360268,0.012799889100498368,0.01298642833285574,0.09021614850809774,0.9623607027723108,0.45900402789079103,0.14197997839023155,6.778143747333623,0.014861758532456235,0.01254610242520706,1.2049714773448352,1,1.3990742415181352,1,1.1810801996427265,1,,,,
rkhs,64,64,10000,47,20260919,2ed4bc2f2762a4aadbc60f584a105b5518946410bbd872b21bb5b51ab4ab179f,0.05,0.9988209815422265,0.9976433531689769,0.08988209815422266,0.9450118473839516,10.51390506886554,0.01062256604505115,0.012138769614555383,1.1427342097073243,0.003877242591077721,0.0038598630840037756,0.012781265412204994,0.012967875622116777,0.08981034979654495,0.9611920968233318,0.457744302707011,0.1415055813721871,6.7926090794624585,0.014834965713075191,0.012508661828701183,1.2032182579989268,1,1.3965519866065241,1,1.1775555713799237,1,,,,
rkhs,64,64,10000,48,20260919,ccb6ce4b4423d856605a282e7bf056c22f420de21e7355b4baf05f0af59868d2,0.05,0.9988209815422265,0.9976433531689769,0.08988209815422266,0.9450118473839516,10.51390506886554,0.01062256604505115,0.012138769614555383,1.1427342097073243,0.004132233040691017,0.004104147136863723,0.012796942531294573,0.012983493696548545,0.09015974797716955,0.9621925738995999,0.4586499278007636,0.14190430486829633,6.780573533640338,0.014858038303745515,0.012504237122183345,1.2046940896410263,1,1.3987240221177621,1,1.1771390329937115,1,,,,
rkhs,64,64,10000,49,20260919,29780f783178faf5c972ce59434450b93060337ffd4119dd65f7167c12facc16,0.05,0.9988209815422265,0.9976433531689769,0.08988209815422266,0.9450118473839516,10.51390506886554,0.01062256604505115,0.012138769614555383,1.1427342097073243,0.00429425657176114,0.004260671833906549,0.012788990765794286,0.012975580986751787,0.08997586045433364,0.9619000913354347,0.4581805075749205,0.14169485622744982,6.788532180669878,0.014845900832125798,0.012507738668523711,1.2039455167004993,1,1.3975814101002666,1,1.1774686658079971,1,,,,
rkhs,64,64,10000,50,20260919,ee9bc874b02392ac14db273dcc7ff446945a034ab9b2a466e01f067fac68e207,0.05,0.9988209815422265,0.9976433531689769,0.08988209815422266,0.9450118473839516,10.51390506886554,0.01062256604505115,0.012138769614555383,1.1427342097073243,0.004943224598993283,0.00495448401639512,0.012779208824289937,0.012965842541372393,0.08975754817051572,0.9614321796329737,0.4575286464120984,0.14144102672892128,6.797406678018578,0.014831475044261223,0.012522214737800222,1.2030246524325943,1,1.3962233777940052,1,1.1788314315667712,1,,,,
rkhs,64,64,10000,51,20260919,c9a4dd5450ac94341f54e7f7db7e1f67f492abb58f825789c770cb75a53e1b3c,0.05,0.9988209815422265,0.9976433531689769,0.08988209815422266,0.9450118473839516,10.51390506886554,0.01062256604505115,0.012138769614555383,1.1427342097073243,0.004079628658377039,0.004093810977882645,0.012765530849554042,0.012952206240959906,0.08935547544110696,0.9603254795902725,0.4586766410616707,0.14110148654336227,6.805920356446084,0.014804860624466783,0.012506218181500437,1.2017370186652083,1,1.3937179172789502,1,1.177325528357326,1,,,,
rkhs,64,64,10000,52,20260919,bae040329ffd7c07645d957dea7dac7cc0721dced874220b36e67dd6b73dce79,0.05,0.9988209815422265,0.9976433531689769,0.08988209815422266,0.9450118473839516,10.51390506886554,0.01062256604505115,0.012138769614555383,1.1427342097073243,0.004073075302967819,0.004115465839030185,0.012794710824798685,0.012981225192287843,0.0901797268254772,0.9609847176896334,0.4578900064538824,0.14188289751874983,6.773083539280266,0.014859356259235984,0.012519160377705197,1.2044839985494367,1,1.3988480934094707,1,1.1785438965133697,1,,,,
rkhs,64,64,10000,53,20260919,33a4433cb432e2215a42c572d53016a3883c7aa1550f33387fe59f1232ccf4e0,0.05,0.9988209815422265,0.9976433531689769,0.08988209815422266,0.9450118473839516,10.51390506886554,0.01062256604505115,0.012138769614555383,1.1427342097073243,0.004894413605813958,0.004889271798981866,0.012775225582019866,0.01296192026075594,0.08951663955308874,0.9622612962738692,0.4594372039837357,0.14130403627502802,6.809864188174822,0.01481553574423845,0.012511243560319832,1.202649673142922,1,1.3947228646453766,1,1.1777986135608525,1,,,,
rkhs,64,64,10000,54,20260919,a540504d5a4309b3b0db475ff5491d95679a5497332fb18d33b0886a941e4d01,0.05,0.9988209815422265,0.9976433531689769,0.08988209815422266,0.9450118473839516,10.51390506886554,0.01062256604505115,0.012138769614555383,1.1427342097073243,0.004628026461839557,0.0046464562136612,0.012809174255168476,0.012995682365713745,0.09041478217560647,0.9630430263602205,0.4596456710855132,0.14221351653951714,6.771810794036711,0.014874851333276009,0.012531148836864497,1.2058455744914878,1,1.4003067874740036,1,1.17967248061522,1,,,,
rkhs,64,64,10000,55,20260919,0fafbf13d86ac8bbe366f3afedc234d85c1002c17aded9e595272461882e4467,0.05,0.9988209815422265,0.9976433531689769,0.08988209815422266,0.9450118473839516,10.51390506886554,0.01062256604505115,0.012138769614555383,1.1427342097073243,0.00452760296382484,0.004533738759516945,0.012813485085629081,0.012999936883946633,0.09062102517703151,0.9623714866178306,0.45845408740707577,0.1423549196546178,6.760366898121547,0.014888430488193626,0.012525843344383957,1.2062513926753733,1,1.401585118421538,1,1.1791730257322812,1,,,,
rkhs,64,64,10000,56,20260919,f871df9a9518677e53ee74a47d9a3e7bbb514a87d47308f20089a6b9ac76a5b5,0.05,0.9988209815422265,0.9976433531689769,0.08988209815422266,0.9450118473839516,10.51390506886554,0.01062256604505115,0.012138769614555383,1.1427342097073243,0.003824723592318149,0.003858629434012696,0.01279269320288911,0.012979232226922906,0.09010080841537203,0.96125805585123,0.4581508520098649,0.14181818892836065,6.778101336048008,0.01485414935473793,0.012514727431760592,1.2042940612121664,1,1.3983579195215448,1,1.178126582474012,1,,,,
rkhs,64,64,10000,57,20260919,059f27f7b69b84e129ad7ccdae97afadfa59c9d173d8571b6c492b1685856ec9,0.05,0.9988209815422265,0.9976433531689769,0.08988209815422266,0.9450118473839516,10.51390506886554,0.01062256604505115,0.012138769614555383,1.1427342097073243,0.004797344491505602,0.004791639357314242,0.012776014947153956,0.012962597535774448,0.08974958908566,0.9597407011791786,0.45709040358787656,0.14140917538315123,6.786976153271104,0.01483094878716092,0.012534289353995297,1.2027239833548558,1,1.3961738363651195,1,1.1799681264241029,1,,,,
rkhs,64,64,10000,58,20260919,72e1d2574b6f61592161d67a0b052e735f1020683a10564c642791beeac43fe9,0.05,0.9988209815422265,0.9976433531689769,0.08988209815422266,0.9450118473839516,10.51390506886554,0.01062256604505115,0.012138769614555383,1.1427342097073243,0.004604469861253206,0.004602477921640922,0.012786553359242551,0.012973133684392048,0.08991751816146794,0.9612947934904513,0.45838749301199494,0.14164778642804535,6.786514761236828,0.01484204736548831,0.012532704955977499,1.2037160611676838,1,1.3972186477864204,1,1.1798189724427504,1,,,,
rkhs,64,64,10000,59,20260919,4c68a8c1e11ec07150100ff8a13850d27df994cf650b4f5fae784984570bef9c,0.05,0.9988209815422265,0.9976433531689769,0.08988209815422266,0.9450118473839516,10.51390506886554,0.01062256604505115,0.012138769614555383,1.1427342097073243,0.004617021484086329,0.004640509040176307,0.012777070132200825,0.012963685791010877,0.08968079001565514,0.960680191139654,0.4583143402661708,0.14140707465101857,6.793720848200392,0.014826398798837591,0.012527687278950768,1.2028233176439902,1,1.395745504048424,1,1.1793466122799188,1,,,,
rkhs,64,64,10000,60,20260919,07031666376dde0acfd0f08beaace8e50b7bbba64c7ee62a8753231347320af7,0.05,0.9988209815422265,0.9976433531689769,0.08988209815422266,0.9450118473839516,10.51390506886554,0.01062256604505115,0.012138769614555383,1.1427342097073243,0.004281070024556942,0.004205550887664593,0.012810267489952037,0.012996782135127491,0.09039080348142546,0.9633641672549855,0.46044563917994175,0.1422330208740872,6.773140029893694,0.014873271558038654,0.012505720290617934,1.2059484907528624,1,1.4001580686775608,1,1.17727865730184,1,,,,
rkhs,64,64,10000,61,20260919,308d63c103bc9906a71fe01a6ff6875d2b669c8df674c7bbfde63672bad4c692,0.05,0.9988209815422265,0.9976433531689769,0.08988209815422266,0.9450118473839516,10.51390506886554,0.01062256604505115,0.012138769614555383,1.1427342097073243,0.0047774592785454935,0.004805879617330642,0.012814052577603808,0.013000473158297056,0.09065370596906354,0.9617217562998744,0.45853966964861764,0.14239226020089008,6.754031117583614,0.014890580791060974,0.012541121873458214,1.206304815922856,1,1.4017875462396594,1,1.180611334424311,1,,,,
rkhs,64,64,10000,62,20260919,0a304a12ff66e4393ca08d281177451787dd0bb0df0f3a6fd5ece3b02bf90d3c,0.05,0.9988209815422265,0.9976433531689769,0.08988209815422266,0.9450118473839516,10.51390506886554,0.01062256604505115,0.012138769614555383,1.1427342097073243,0.005304097956385487,0.005306586049668726,0.012800599421317569,0.01298711826093816,0.09024128624652979,0.9619880365933001,0.4591296941867582,0.14201195411754006,6.7739933766215525,0.014863416265170439,0.012551523197706577,1.2050383463872294,1,1.399230299170041,1,1.1815905068958448,1,,,,
rkhs,64,64,10000,63,20260919,99c9128dfe4c1899f683d8f2786bd82804784446a6e8b5eb4aabeb8f1ef06875,0.05,0.9988209815422265,0.9976433531689769,0.08988209815422266,0.9450118473839516,10.51390506886554,0.01062256604505115,0.012138769614555383,1.1427342097073243,0.004050730988227351,0.004040797360496578,0.012803928359516348,0.012990453479442455,0.09026829193895528,0.962644055976004,0.45992096179006225,0.14208199425873588,6.775271286120874,0.014865196924692466,0.012518980401490111,1.2053517300070309,1,1.3993979290548046,1,1.1785269536942502,1,,,,
rkhs,64,64,10000,64,20260919,2b0f6eb780546bc01a5e4e30c583664e8ada66e390b7e86c69b22da292462eda,0.05,0.9988209815422265,0.9976433531689769,0.08988209815422266,0.9450118473839516,10.51390506886554,0.01062256604505115,0.012138769614555383,1.1427342097073243,0.005379839481949275,0.0053651790864389474,0.012807532533278973,0.012994030834535377,0.09041500027977283,0.9625610327130463,0.45910317219801555,0.1421842250647821,6.769815936152435,0.01487486570155247,0.012544300942366934,1.2056910240860077,1,1.4003081400922317,1,1.1809106094671997,1,,,,
rkhs,64,64,10000,65,20260919,59120857e31f5fc4c52625f2271bdc3cd512d417b3694814981dd4c722807940,0.05,0.9988209815422265,0.9976433531689769,0.08988209815422266,0.9450118473839516,10.51390506886554,0.01062256604505115,0.012138769614555383,1.1427342097073243,0.003940997884758266,0.003884793482073095,0.012769002296769584,0.012955694518678607,0.0894338306203728,0.9612522124107886,0.4584274207600558,0.14116627307210453,6.809361694487768,0.014810051882825893,0.012526836606124199,1.2020638179715923,1,1.3942066182516806,1,1.1792665306101073,1,,,,
rkhs,64,64,10000,66,20260919,b921764a85716847c77aee99fba0530f82abc78f39ec8a2fae5b015e2833d3c4,0.05,0.9988209815422265,0.9976433531689769,0.08988209815422266,0.9450118473839516,10.51390506886554,0.01062256604505115,0.012138769614555383,1.1427342097073243,0.004450928612593577,0.004418244622633992,0.012793285571499155,0.012979843725657532,0.09007400535517175,0.9617993746280433,0.45861284168484273,0.1418165432895636,6.7819970245941175,0.014852380415009157,0.012514893534654643,1.2043498263265024,1,1.3981913929288863,1,1.1781422192696172,1,,,,
rkhs,64,64,10000,67,20260919,0b073fdf5c9782b349b830f95b0191a79f836931ddc4d4fc7d55e9022dbfb709,0.05,0.9988209815422265,0.9976433531689769,0.08988209815422266,0.9450118473839516,10.51390506886554,0.01062256604505115,0.012138769614555383,1.1427342097073243,0.0046978727541407625,0.004714754120814141,0.012792951891665839,0.01297947276817964,0.0901961898506109,0.9608699226710272,0.4567684512943853,0.14183821655242113,6.774407814948132,0.014860442174805342,0.012528664445279645,1.2043184139698364,1,1.3989503206457856,1,1.1794386019483973,1,,,,
rkhs,64,64,10000,68,20260919,2a900f50bd2ba55a7c717df6e85cb0fa31903fc24e4cc14c4b1a5dfd44f24d6b,0.05,0.9988209815422265,0.9976433531689769,0.08988209815422266,0.9450118473839516,10.51390506886554,0.01062256604505115,0.012138769614555383,1.1427342097073243,0.004286704178872506,0.004257427550225764,0.012789582231169792,0.012976141631524801,0.09000191005689538,0.9612637514973377,0.4583890103399187,0.1417322609482416,6.782250879694752,0.014847620986256995,0.012533611737817732,1.2040011967850475,1,1.397743344055198,1,1.1799043361709105,1,,,,
rkhs,64,64,10000,69,20260919,357b7b5ad0708651847531363431372237795009132b3b9f5adca0d9e76ae6f6,0.05,0.9988209815422265,0.9976433531689769,0.08988209815422266,0.9450118473839516,10.51390506886554,0.01062256604505115,0.012138769614555383,1.1427342097073243,0.0035980941671614826,0.0035813110190820274,0.012783490268742785,0.012970109897145539,0.08978822125867436,0.9617537827550123,0.45893370378665516,0.14154822412600784,6.794530900640958,0.014833502939941089,0.012510401951963655,1.203427704240857,1,1.3964142822959178,1,1.1777193852131436,1,,,,
rkhs,64,64,10000,70,20260919,d2ba173338e829f0ce5d216ae5672670f9c31bc6469133087872960f010dcb2a,0.05,0.9988209815422265,0.9976433531689769,0.08988209815422266,0.9450118473839516,10.51390506886554,0.01062256604505115,0.012138769614555383,1.1427342097073243,0.004945798091358208,0.004952490019688015,0.012840027369500833,0.013026423945184993,0.09114286722153196,0.9651142420133585,0.4606762906571939,0.14299761487835713,6.749163213906372,0.014922720007831632,0.012524903024169509,1.2087500623714884,1,1.4048131067901282,1,1.179084504727991,1,,,,
rkhs,64,64,10000,71,20260919,d994e0dd101a1f84944d3f7b84c076c87d672b7ae8679fa15542bdf5eb6b324f,0.05,0.9988209815422265,0.9976433531689769,0.08988209815422266,0.9450118473839516,10.51390506886554,0.01062256604505115,0.012138769614555383,1.1427342097073243,0.004016883104557537,0.004060258938686026,0.012796171627413876,0.012982703901336407,0.09022441510052658,0.9616294617349298,0.4574159454148212,0.14190175048365594,6.77672726698103,0.0148623037064522,0.012543244788610172,1.2046215173569448,1,1.3991255637686772,1,1.1808111839844788,1,,,,
rkhs,64,64,10000,72,20260919,536fa28ecb86ef5bee8347f29c81bd7778fd10bfcc0f8fe0286163de705d1d4d,0.05,0.9988209815422265,0.9976433531689769,0.08988209815422266,0.9450118473839516,10.51390506886554,0.01062256604505115,0.012138769614555383,1.1427342097073243,0.004864482952060658,0.004848699545067604,0.012814806812505315,0.013001273160729875,0.09057512648038922,0.9629163557921018,0.45963507689177807,0.1423732847330285,6.7633219083040474,0.014885409830133006,0.01252688134901474,1.2063758190023668,1,1.4013007560511082,1,1.1792707426705786,1,,,,
rkhs,64,64,10000,73,20260919,754467657d4a06d1052e598635e835a19c9dbd3eb1d59f89a2844710f371e9bf,0.05,0.9988209815422265,0.9976433531689769,0.08988209815422266,0.9450118473839516,10.51390506886554,0.01062256604505115,0.012138769614555383,1.1427342097073243,0.004069885317342013,0.0040365430426207325,0.012784331028027921,0.012970919003956662,0.0898698711216951,0.9611359933886927,0.45823521137572765,0.14159184632889288,6.788074442903607,0.014838899385169482,0.012510584906954218,1.2035068526576869,1,1.3969222993988952,1,1.1777366084518401,1,,,,
rkhs,64,64,10000,74,20260919,e18560f4f955a10023cb7f4c65559929c910b357b03e8ce0ff578dd188e9d7f7,0.05,0.9988209815422265,0.9976433531689769,0.08988209815422266,0.9450118473839516,10.51390506886554,0.01062256604505115,0.012138769614555383,1.1427342097073243,0.004030228802814419,0.00409235142922484,0.012792984218325115,0.012979576630932906,0.09002061398011289,0.9625615229052598,0.45897669447446154,0.14178295642148084,6.788979064901392,0.014848855923767112,0.012504385583825951,1.2043214571760767,1,1.3978596000996304,1,1.177153009055802,1,,,,
rkhs,64,64,10000,75,20260919,b42bf463468ca190f835839f12d2b5c0aac1c542a34a2616f2a604f04e1b5619,0.05,0.9988209815422265,0.9976433531689769,0.08988209815422266,0.9450118473839516,10.51390506886554,0.01062256604505115,0.012138769614555383,1.1427342097073243,0.004677155579785208,0.004689584824456618,0.012797333966075616,0.012983874295120296,0.0901550135646487,0.9619967084029392,0.45905472720916757,0.14192160230528267,6.778367019374691,0.01485772596479313,0.012516713923371283,1.2047309390029775,1,1.3986946187748166,1,1.1783135892294667,1,,,,
rkhs,64,64,10000,76,20260919,c8999cd03d995c2236e45623046ba54776350f3d490fea13fd68b4248815d060,0.05,0.9988209815422265,0.9976433531689769,0.08988209815422266,0.9450118473839516,10.51390506886554,0.01062256604505115,0.012138769614555383,1.1427342097073243,0.003636177824155584,0.0036663607737858987,0.012797942399579841,0.012984532470205468,0.09011420513254764,0.9632635242570464,0.45934047829155533,0.14189634048051247,6.788501528616501,0.01485503340834115,0.012533991309701752,1.204788216453797,1,1.3984411436313755,1,1.1799400687690802,1,,,,
rkhs,64,64,10000,77,20260919,f9c2f5745793c653e6281a3e39f835e6a41054d880946d831fb119a8beb315ba,0.05,0.9988209815422265,0.9976433531689769,0.08988209815422266,0.9450118473839516,10.51390506886554,0.01062256604505115,0.012138769614555383,1.1427342097073243,0.004578415103915231,0.0046028499950291355,0.01278914334551962,0.0129757206995862,0.08994358253538905,0.9616199827756047,0.45902123117402266,0.1417083485699512,6.78590917528703,0.014843769053157221,0.012503467966288064,1.203959880435654,1,1.3973807261073843,1,1.1770666252636,1,,,,
rkhs,64,64,10000,78,20260919,e1acdedf105d20f92280ed8f78eb0235563600053dfc751e907e5ea8d5f46366,0.05,0.9988209815422265,0.9976433531689769,0.08988209815422266,0.9450118473839516,10.51390506886554,0.01062256604505115,0.012138769614555383,1.1427342097073243,0.004187112064534492,0.004155289067287287,0.012793396296766322,0.012980015193441864,0.08997375917150426,0.963249719283509,0.45962754156612434,0.14177150764979365,6.794381573926296,0.014845762065592412,0.012512263518737554,1.2043602499159343,1,1.397568346728121,1,1.1778946316428673,1,,,,
rkhs,64,64,10000,79,20260919,66a369f186a7577e00d7f92e6b5e24d7503f86f249d9d23490db51d16a4e9d39,0.05,0.9988209815422265,0.9976433531689769,0.08988209815422266,0.9450118473839516,10.51390506886554,0.01062256604505115,0.012138769614555383,1.1427342097073243,0.003789651508703537,0.0037985428883772422,0.012816443189355332,0.013002856890398274,0.0906782665071146,0.9619236975992252,0.4591785351700415,0.14245159175226724,6.752635655149957,0.014892196549298315,0.012530959009009962,1.2065298662300403,1,1.4019396524473768,1,1.179654610370523,1,,,,
rkhs,64,64,10000,80,20260919,363c6dc26810e703943377d2a33001880befc8bdb0cb7687c2b45b8e8bf6a4a3,0.05,0.9988209815422265,0.9976433531689769,0.08988209815422266,0.9450118473839516,10.51390506886554,0.01062256604505115,0.012138769614555383,1.1427342097073243,0.0036978824184350414,0.0037057578853779837,0.012789508933608184,0.012976131215357161,0.08988472966305151,0.9627356650669014,0.4596085094312178,0.14168144315045045,6.795072407926984,0.014839881159932466,0.012526599062594639,1.2039942966103345,1,1.3970147229017307,1,1.1792441684493495,1,,,,
rkhs,64,64,10000,81,20260919,1cb843f23ed96d0a1cd54735c720739fe722a6bd70af86cbb9f0dbd251ee7238,0.05,0.9988209815422265,0.9976433531689769,0.08988209815422266,0.9450118473839516,10.51390506886554,0.01062256604505115,0.012138769614555383,1.1427342097073243,0.004577867395284895,0.0046461547181390886,0.012785761817016846,0.012972286923908175,0.0899953468327478,0.9598737141955986,0.4574247021682513,0.14167315956149376,6.775268633568957,0.01484718761511631,0.012536720518932547,1.20364154600606,1,1.397702546837384,1,1.1801969943762474,1,,,,
rkhs,64,64,10000,82,20260919,d77f310cb3178eb2e3f12e2a7c891e1faf69a3b9f04eded95dc7de0f046b63f2,0.05,0.9988209815422265,0.9976433531689769,0.08988209815422266,0.9450118473839516,10.51390506886554,0.01062256604505115,0.012138769614555383,1.1427342097073243,0.0037969405634807767,0.0038012132451241136,0.0128082277571117,0.012994751857991519,0.09038393963447565,0.9632761468287813,0.4595898753913844,0.1421796397591218,6.775063915345028,0.014872819312378039,0.012525855952168864,1.2057564719099871,1,1.400115494627308,1,1.179174212619221,1,,,,
rkhs,64,64,10000,83,20260919,cfd89c99c4a64ab0f02de6256613cb8f13db9c635d7d764dc6e0fb50f290e53d,0.05,0.9988209815422265,0.9976433531689769,0.08988209815422266,0.9450118473839516,10.51390506886554,0.01062256604505115,0.012138769614555383,1.1427342097073243,0.0042940160092026555,0.0042960449377899374,0.012787656861867065,0.0129742304483162,0.089974716456262,0.9613043481254857,0.4578896359203246,0.1416778669614741,6.785141312064567,0.01484582528388349,0.012530444785072809,1.2038199440355175,1,1.3975742980482455,1,1.1796062017341378,1,,,,
rkhs,64,64,10000,84,20260919,2677a774120b33a7ae6d683172cc282b7ab10a00f163a1de307a4e305613049f,0.05,0.9988209815422265,0.9976433531689769,0.08988209815422266,0.9450118473839516,10.51390506886554,0.01062256604505115,0.012138769614555383,1.1427342097073243,0.005640156107939687,0.005647599382206514,0.01278439216822018,0.012971018469326951,0.08985664850853949,0.9620488865362118,0.4579535667051117,0.14156328208226063,6.795892779436813,0.014838025635741929,0.012581553711180048,1.2035126083472254,1,1.396840045316045,1,1.1844175557789591,1,,,,
rkhs,64,64,10000,85,20260919,7f62c5d2d93b14c54abdbe27385518610f708032b00bf9057d1c9e05a1d9453a,0.05,0.9988209815422265,0.9976433531689769,0.08988209815422266,0.9450118473839516,10.51390506886554,0.01062256604505115,0.012138769614555383,1.1427342097073243,0.004385107473936009,0.004392131386998259,0.012788209429581244,0.012974786921568,0.08997396073180021,0.961480717068095,0.45807553795983447,0.14168723885286408,6.785937285901592,0.01484577537649506,0.012511426431452102,1.2038719623248684,1,1.3975695998060111,1,1.1778158289051952,1,,,,
rkhs,64,64,10000,86,20260919,b24728ef0ea4e017051db2767e993f48cbbc84fb85fd6116fc96d5e039acead4,0.05,0.9988209815422265,0.9976433531689769,0.08988209815422266,0.9450118473839516,10.51390506886554,0.01062256604505115,0.012138769614555383,1.1427342097073243,0.004364495447005498,0.00437773937345769,0.012808416337754269,0.012994923789506183,0.09047153437700843,0.9629118279906275,0.458298493037222,0.14219695598829954,6.771676800661325,0.014878589473202725,0.012521298137522495,1.205774224743132,1,1.4006586930221416,1,1.1787451435386394,1,,,,
rkhs,64,64,10000,87,20260919,2fc00f67e0d99c859ee4f80d7f2d7e0479b4d3ebfe19d462f4b473236d4701c4,0.05,0.9988209815422265,0.9976433531689769,0.08988209815422266,0.9450118473839516,10.51390506886554,0.01062256604505115,0.012138769614555383,1.1427342097073243,0.003983569055990083,0.004012734909470058,0.01277719707543097,0.01296378931860564,0.08976621161504574,0.9601481881901103,0.45713441485674144,0.14142819785002889,6.788944515917935,0.014832047847316024,0.012531897921375247,1.2028352679796819,1,1.3962773010223826,1,1.179742998841002,1,,,,
rkhs,64,64,10000,88,20260919,54bb7f0d4c8cd147c12a689da7f9af70e13a4370ded9992c6e70847c77162928,0.05,0.9988209815422265,0.9976433531689769,0.08988209815422266,0.9450118473839516,10.51390506886554,0.01062256604505115,0.012138769614555383,1.1427342097073243,0.004104291610244569,0.0041361411729667385,0.012787008148517734,0.012973589413412987,0.08994144549354507,0.9613863394978669,0.45812242111738816,0.1416572774019957,6.786706317739258,0.014843627899800434,0.012532521443491798,1.2037588746718082,1,1.397367438041564,1,1.1798016967219007,1,,,,
rkhs,64,64,10000,89,20260919,a48b579ffec2fecfd97f2390436dfc2db65636f99a25cd009afea3005f76762e,0.05,0.9988209815422265,0.9976433531689769,0.08988209815422266,0.9450118473839516,10.51390506886554,0.01062256604505115,0.012138769614555383,1.1427342097073243,0.0038735314161841942,0.00387793042694674,0.012797191232056264,0.012983741798382463,0.09017287252124605,0.9622163979586436,0.45852028336099787,0.1419103712528446,6.780451558711258,0.014858904114095267,0.012522734649173648,1.2047175021348284,1,1.398805528822082,1,1.178880375613927,1,,,,
rkhs,64,64,10000,90,20260919,7c3e2da59e5087c268355b301423bd0f95ba207e431bad5ead97b0010cd51e3f,0.05,0.9988209815422265,0.9976433531689769,0.08988209815422266,0.9450118473839516,10.51390506886554,0.01062256604505115,0.012138769614555383,1.1427342097073243,0.003809341599499663,0.003840441277219989,0.012805511434898924,0.012991981087380564,0.09042061220604657,0.9615772098379404,0.45857654482676047,0.14216117407161086,6.763993165627381,0.014875235398334245,0.012528440980898467,1.2055007594765454,1,1.4003429430560548,1,1.179417565187578,1,,,,
rkhs,64,64,10000,91,20260919,3c07d2fe4c7af10206b58ba96c2886134bfda88280de24f138cbccbe89821348,0.05,0.9988209815422265,0.9976433531689769,0.08988209815422266,0.9450118473839516,10.51390506886554,0.01062256604505115,0.012138769614555383,1.1427342097073243,0.004468691631300047,0.004433190366158031,0.012809034137885268,0.01299551329055439,0.09047709805186227,0.9623382414660888,0.45886010493582524,0.14223309537972312,6.76592349267877,0.014878955876845533,0.012492228150150783,1.205832383960818,1,1.4006931859724565,1,1.1760085178261304,1,,,,
rkhs,64,64,10000,92,20260919,0480df0dc3d1af0b21d9c8af0f88cc241dbe9a5731440bbb8b962888af532e75,0.05,0.9988209815422265,0.9976433531689769,0.08988209815422266,0.9450118473839516,10.51390506886554,0.01062256604505115,0.012138769614555383,1.1427342097073243,0.00434352188695615,0.004346576531146678,0.012787105255766122,0.012973728200451317,0.08986998529433979,0.9623841082647373,0.45887670496061345,0.14162688608901497,6.7952077097837345,0.014838906929410589,0.01250401697889803,1.2037680162716793,1,1.3969230096078105,1,1.1771183088782406,1,,,,
rkhs,64,64,10000,93,20260919,ebd23549caf63b047e4d9672d23bcaf4c6d5cabbb81a515d3df41df4da9906a5,0.05,0.9988209815422265,0.9976433531689769,0.08988209815422266,0.9450118473839516,10.51390506886554,0.01062256604505115,0.012138769614555383,1.1427342097073243,0.0034934556614489446,0.003501052146012184,0.01278244132317624,0.01296906524898526,0.0897827415333758,0.9616949416356821,0.4585396758745835,0.14152129610417588,6.795407957031177,0.014833140683241638,0.01251015134470122,1.2033289573314851,1,1.3963801797355841,1,1.1776957932428633,1,,,,
rkhs,64,64,10000,94,20260919,7925f4dad28d6eeff5e4aa208764d9844fac3d74a9f804aa5a63d231eefffb16,0.05,0.9988209815422265,0.9976433531689769,0.08988209815422266,0.9450118473839516,10.51390506886554,0.01062256604505115,0.012138769614555383,1.1427342097073243,0.0035195303915091566,0.0035403119917500297,0.012802745123238793,0.01298927823100122,0.09028772687775537,0.9626520104495881,0.45895859020074337,0.1420490840891425,6.776896990377486,0.014866478230771914,0.012509862254674953,1.2052403410759067,1,1.3995185501998286,1,1.1776685785355092,1,,,,
rkhs,64,64,10000,95,20260919,830373c0e2fff2bb570a3b2e5943de902bc53aff14542c1277309599a54c14fc,0.05,0.9988209815422265,0.9976433531689769,0.08988209815422266,0.9450118473839516,10.51390506886554,0.01062256604505115,0.012138769614555383,1.1427342097073243,0.003948643237553212,0.0039692096552012305,0.012759029485670597,0.012945738361818941,0.08921806308340026,0.9601210277048204,0.45804427240941126,0.140929638056085,6.812768704640583,0.014795751157506934,0.012529353451827789,1.2011249853903976,1,1.3928603592349507,1,1.1795034644821036,1,,,,
rkhs,64,64,10000,96,20260919,9487e71786d68e3110a09676f86af9270a4fff9520601e1dabc29ae9d4c478db,0.05,0.9988209815422265,0.9976433531689769,0.08988209815422266,0.9450118473839516,10.51390506886554,0.01062256604505115,0.012138769614555383,1.1427342097073243,0.003921215238697724,0.00391472720965665,0.012776531808620479,0.012963191505014206,0.08960868912701292,0.961635797608094,0.4587856742758262,0.14136063531835452,6.802712759761016,0.014821628573254239,0.012519613855504035,1.2027726402861783,1,1.3952964387695523,1,1.178586586556144,1,,,,
rkhs,64,64,10000,97,20260919,f28c3877570b6f23d5a14a5bf70797317fcb9696810b0d6e4d9df513526d69d0,0.05,0.9988209815422265,0.9976433531689769,0.08988209815422266,0.9450118473839516,10.51390506886554,0.01062256604505115,0.012138769614555383,1.1427342097073243,0.004171838749947493,0.004188336739372386,0.012796590001751644,0.012983152487453459,0.09009056730010219,0.9624058445648881,0.4596126520779939,0.14188750607154946,6.782879417723903,0.014853473495976818,0.012536558536182891,1.2046609027875455,1,1.398294294710153,1,1.1801817454477896,1,,,,
rkhs,64,64,10000,98,20260919,25302d7af23ec65145c7cdec8f1b4730ddb30e10e4bc96902f4fd1f6d1d7657e,0.05,0.9988209815422265,0.9976433531689769,0.08988209815422266,0.9450118473839516,10.51390506886554,0.01062256604505115,0.012138769614555383,1.1427342097073243,0.004240379684344725,0.00431094360546608,0.012808078898346677,0.012994565272470195,0.09044663011961962,0.9623629454197672,0.4589202149900292,0.1422058988975286,6.767391176319846,0.014876949230159118,0.012551181432244459,1.2057424584631051,1,1.4005042818340492,1,1.1815583333644524,1,,,,
rkhs,64,64,10000,99,20260919,07fff5cad5c27c7a2c98bb6a89d3e3bbb05e31a81e94bccd128cf0495e7b7526,0.05,0.9988209815422265,0.9976433531689769,0.08988209815422266,0.9450118473839516,10.51390506886554,0.01062256604505115,0.012138769614555383,1.1427342097073243,0.003835937711687848,0.0038387911124399487,0.012808056830194377,0.012994549076649325,0.09046159130487195,0.9624981299949892,0.4585515339565808,0.14220079148638423,6.768584899804504,0.014877934630124573,0.012511920447554647,1.2057403809846308,1,1.4005970466105897,1,1.1778623351919484,1,,,,
rkhs,128,128,10000,0,20260919,1010ab05b15ef9e7f208e0f890005e2051a431b5f650fada4b339cda0c148dba,0.05,0.9999986099154765,0.9999972198328854,0.08999986099154766,0.9473656408856186,10.526301157005014,0.010630684166966425,0.012683734358839266,1.1931249352936708,0.004310096817952681,0.004355741810515833,0.012801818598981917,0.012988629520568493,0.09011921960568468,0.9638423792086278,0.46067119796531447,0.14197795658246234,6.788676231220568,0.015567508959190577,0.013113547901050349,1.2042328036385497,1,1.464393891746379,1,1.2335563445482771,1,,,,
rkhs,128,128,10000,1,20260919,2a89b4cb8fb5cc2bc9d6a36b754bafccfac1db7b25a53e64bb22eae96b5a6619,0.05,0.9999986099154765,0.9999972198328854,0.08999986099154766,0.9473656408856186,10.526301157005014,0.010630684166966425,0.012683734358839266,1.1931249352936708,0.003875691689828352,0.0039025737331528495,0.012842311935356138,0.013028965659158277,0.09100835900668201,0.9663132885649193,0.4633942774412933,0.14301479308070453,6.756736612691668,0.01562856568079806,0.013116858301217529,1.2080419033858687,1,1.4701373340920008,1,1.2338677450296747,1,,,,
rkhs,128,128,10000,2,20260919,8595fb4ff3416837abfb810594cf54428ad5305f8311fecb91804120b6033f47,0.05,0.9999986099154765,0.9999972198328854,0.08999986099154766,0.9473656408856186,10.526301157005014,0.010630684166966425,0.012683734358839266,1.1931249352936708,0.003237748752215941,0.003244130722008293,0.012800445691645635,0.012987293072123676,0.09005923380843238,0.9644933538671024,0.46068162043292,0.1419185369203517,6.796105532065911,0.015563378944256507,0.013072955011301731,1.2041036579208593,1,1.464005392298065,1,1.2297378800815446,1,,,,
rkhs,128,128,10000,3,20260919,27d9131ddfd9675eb292853c0477bcc08ec69ed60a6f2e219905b9d9b8becee8,0.05,0.9999986099154765,0.9999972198328854,0.08999986099154766,0.9473656408856186,10.526301157005014,0.010630684166966425,0.012683734358839266,1.1931249352936708,0.00437497411205101,0.004375410573208079,0.01280104159878453,0.012987863029833029,0.09010982902423545,0.9639717084910258,0.4603707804135473,0.1419522449493286,6.79081693167393,0.01556686250955187,0.013078177222786005,1.2041597133101019,1,1.4643330819594873,1,1.2302291195353985,1,,,,
rkhs,128,128,10000,4,20260919,9c13f15c6c7b4e69071eadab8816debeecef3db0440b3b639e21848c3260b99c,0.05,0.9999986099154765,0.9999972198328854,0.08999986099154766,0.9473656408856186,10.526301157005014,0.010630684166966425,0.012683734358839266,1.1931249352936708,0.005388947004904353,0.005368454623821741,0.012823052359913658,0.013009751996862296,0.09065553913769771,0.9644580402561855,0.4612137991049827,0.14254374100900158,6.766049729221575,0.01560437358281884,0.013134179166121621,1.2062302066841337,1,1.467861648200175,1,1.2354970724212189,1,,,,
rkhs,128,128,10000,5,20260919,03e98ef15604dece9f1a53c68b69010ff117bd76e679f532f59a1d8b728672f1,0.05,0.9999986099154765,0.9999972198328854,0.08999986099154766,0.9473656408856186,10.526301157005014,0.010630684166966425,0.012683734358839266,1.1931249352936708,0.003929281139628064,0.003936441882957647,0.012804968279416074,0.012991799128290118,0.09013289779916901,0.9647944390414678,0.46143788735741686,0.14203326328775615,6.792735847284001,0.015568450508704847,0.013062355158030493,1.2045290856449273,1,1.464482460788548,1,1.2287407802613677,1,,,,
rkhs,128,128,10000,6,20260919,d793899281e0db870077ef428c9aabd30e4fd13c23d589f6d7e6e874fce0be87,0.05,0.9999986099154765,0.9999972198328854,0.08999986099154766,0.9473656408856186,10.526301157005014,0.010630684166966425,0.012683734358839266,1.1931249352936708,0.0038250728357831507,0.0038477624043250897,0.012811527620510892,0.012998355424461362,0.09017752250524097,0.9657257518018328,0.4633831709612672,0.1421833550576244,6.792115373915895,0.015571521789804614,0.013108437006187959,1.2051461053015926,1,1.464771367979424,1,1.2330755763510362,1,,,,
rkhs,128,128,10000,7,20260919,96db0a6fef202fd539bdaaf2527ff750472dbf40220a8cdd8e321b04350d0c98,0.05,0.9999986099154765,0.9999972198328854,0.08999986099154766,0.9473656408856186,10.526301157005014,0.010630684166966425,0.012683734358839266,1.1931249352936708,0.004324731081331684,0.0043498975197093104,0.012805444267553971,0.012992247428655745,0.09017143777218281,0.9642132345539672,0.4613246352401078,0.14206565625103146,6.7870959104302635,0.015571103054752608,0.013097434633309936,1.2045738605747833,1,1.4647319786940847,1,1.2320406125890413,1,,,,
rkhs,128,128,10000,8,20260919,028d67882da081af6b7af6ab10c140a1e45198085c73cbea097985fbb47f57e5,0.05,0.9999986099154765,0.9999972198328854,0.08999986099154766,0.9473656408856186,10.526301157005014,0.010630684166966425,0.012683734358839266,1.1931249352936708,0.004432706132775218,0.004411775405101658,0.012807191120717853,0.01299398421892281,0.09026048517445366,0.9642425734252301,0.4605543484150006,0.142112874594313,6.785047281450296,0.015577229649963636,0.013090849946613504,1.2047381823753793,1,1.4653082911039732,1,1.2314212087394854,1,,,,
rkhs,128,128,10000,9,20260919,1884b0dde4fe19b12746d9e804cfdaf002334dd606d96d38a14669bb2f23c77f,0.05,0.9999986099154765,0.9999972198328854,0.08999986099154766,0.9473656408856186,10.526301157005014,0.010630684166966425,0.012683734358839266,1.1931249352936708,0.004258193063039366,0.0043160235889369205,0.012810107900906807,0.012996913887151799,0.0902065126539582,0.9649928386735578,0.4625734556445071,0.14216847197541163,6.787671171147254,0.015573516620323661,0.01310079019576131,1.205012556079192,1,1.4649590163459558,1,1.2323562613656083,1,,,,
rkhs,128,128,10000,10,20260919,e230df7c73b8e1be5c94ecae8260b3633574fb0f1644174baa503f4078421062,0.05,0.9999986099154765,0.9999972198328854,0.08999986099154766,0.9473656408856186,10.526301157005014,0.010630684166966425,0.012683734358839266,1.1931249352936708,0.004299215920913839,0.004288818449628197,0.012815775044173102,0.013002566323105235,0.09037047297438928,0.9655116880083304,0.46211707545706365,0.14230768708637742,6.784676975477,0.015584792805825915,0.013088706239109231,1.2055456490746461,1,1.4660197369284838,1,1.2312195559135144,1,,,,
rkhs,128,128,10000,11,20260919,7d24b7857dfab6ff9a2d778c29ece3f666cc1a7eedb5dbbf9affae96a0d5bff1,0.05,0.9999986099154765,0.9999972198328854,0.08999986099154766,0.9473656408856186,10.526301157005014,0.010630684166966425,0.012683734358839266,1.1931249352936708,0.003663455128566726,0.0036896104632328066,0.012811649405070144,0.012998481286836876,0.09024070406539672,0.9658408299632787,0.4622089933103521,0.14218290300124173,6.79294633585336,0.015575868941104722,0.013097584409675346,1.20515756124905,1,1.465180292864392,1,1.2320547016507666,1,,,,
rkhs,128,128,10000,12,20260919,a152c91f2429d574d3d11e08ef3cb92aa9f67645dd8b858292a8487591f04f22,0.05,0.9999986099154765,0.9999972198328854,0.08999986099154766,0.9473656408856186,10.526301157005014,0.010630684166966425,0.012683734358839266,1.1931249352936708,0.005327605783567902,0.005312426558685369,0.012816239036913616,0.013003058311439433,0.09032315116303849,0.9662448376188613,0.4627778027709749,0.14229618635250413,6.790377608752108,0.015581539352674121,0.013111928260187252,1.2055892956295833,1,1.4657136933003696,1,1.2334039892682538,1,,,,
rkhs,128,128,10000,13,20260919,d76a0de014583dd84a4137e58cffed730cdebeeaead008edf103a4874d955842,0.05,0.9999986099154765,0.9999972198328854,0.08999986099154766,0.9473656408856186,10.526301157005014,0.010630684166966425,0.012683734358839266,1.1931249352936708,0.004391572705533997,0.004396608368477968,0.012822358178135923,0.013009106811213051,0.0905572568632982,0.9655097361217134,0.46202691148843833,0.14248958078517948,6.776002363129538,0.01559762619936839,0.013102831680257098,1.206164906862708,1,1.4672269399025268,1,1.232548298346834,1,,,,
rkhs,128,128,10000,14,20260919,e7b506f429c39ddabd6ccd2195003f783b98bb136ec9049ba0f62970a58b2e47,0.05,0.9999986099154765,0.9999972198328854,0.08999986099154766,0.9473656408856186,10.526301157005014,0.010630684166966425,0.012683734358839266,1.1931249352936708,0.004377001883891113,0.004426320353002939,0.012805192428339812,0.012992010644262352,0.09014469011613647,0.9645302762079171,0.4614958024577191,0.1420481987836742,6.7901619623970335,0.015569262185038336,0.013093159522627467,1.2045501707341104,1,1.464558813008287,1,1.2316384643721134,1,,,,
rkhs,128,128,10000,15,20260919,ad28ec9db6dafff0a634361c9f5396d3b0c559cadfdbc42645f1155c7a0ea7ec,0.05,0.9999986099154765,0.9999972198328854,0.08999986099154766,0.9473656408856186,10.526301157005014,0.010630684166966425,0.012683734358839266,1.1931249352936708,0.0037808004113115508,0.0038004945985364107,0.012802914070908255,0.012989769322691842,0.09001280353972202,0.9650568897883642,0.4624473977424637,0.1419679291462434,6.797710550488089,0.01556018128141869,0.013116992150385441,1.2043358517499536,1,1.4637045967154292,1,1.2338803358625703,1,,,,
rkhs,128,128,10000,16,20260919,56e4fa58a9552cb586038be93b3d77625affef0505b3833b69468c178554a6b9,0.05,0.9999986099154765,0.9999972198328854,0.08999986099154766,0.9473656408856186,10.526301157005014,0.010630684166966425,0.012683734358839266,1.1931249352936708,0.004468800293874021,0.00448304708268692,0.012798477303637399,0.012985331746859575,0.08999978915805583,0.9643591382340148,0.4608589814943381,0.14186872531495065,6.7975456612662395,0.015559284830113606,0.0131135091367722,1.2039184969305299,1,1.4636202699410652,1,1.2335526980964082,1,,,,
rkhs,128,128,10000,17,20260919,08305d4107dd595e96a0fb6f22313a4bfed2fcc383fa11748daeb75f69e51923,0.05,0.9999986099154765,0.9999972198328854,0.08999986099154766,0.9473656408856186,10.526301157005014,0.010630684166966425,0.012683734358839266,1.1931249352936708,0.004637994202485646,0.00463993384739187,0.012826966645421748,0.013013718402896378,0.09057088915807725,0.9662880724665709,0.46364834428062457,0.1425910814024381,6.776637521524883,0.015598562317389878,0.013114725429265301,1.2065984130428788,1,1.4673149980187106,1,1.2336671114750768,1,,,,
rkhs,128,128,10000,18,20260919,7452f66f96b3685f40b99eba40b2801bcaddfee83d2325924f9fc44328a052ec,0.05,0.9999986099154765,0.9999972198328854,0.08999986099154766,0.9473656408856186,10.526301157005014,0.010630684166966425,0.012683734358839266,1.1931249352936708,0.004489348366107581,0.004527301856777162,0.012823230424837672,0.01300994041818395,0.09069599128793711,0.9647298306444841,0.4603930616397539,0.14253961788783265,6.768152215783614,0.015607149686039169,0.013083246357333269,1.206246956774835,1,1.4681227887981578,1,1.2307059594515926,1,,,,
rkhs,128,128,10000,19,20260919,6bddf74e4c0ff8b069cbbd5af1883375e6642144ee2f2e3f223d9ba330714843,0.05,0.9999986099154765,0.9999972198328854,0.08999986099154766,0.9473656408856186,10.526301157005014,0.010630684166966425,0.012683734358839266,1.1931249352936708,0.0037463361403825167,0.0037402473087336076,0.01280085359493891,0.012987680764035805,0.09011684552572989,0.9640784355457734,0.46008121306816846,0.141943524827019,6.7919860150060245,0.01556734553019914,0.013105679848396392,1.2041420282916528,1,1.464378518418673,1,1.2328162178988178,1,,,,
rkhs,128,128,10000,20,20260919,381bbbb97c00dc67b33bc3eadcb62e5ebb3e579e1b7c87071ea7e509acc91315,0.05,0.9999986099154765,0.9999972198328854,0.08999986099154766,0.9473656408856186,10.526301157005014,0.010630684166966425,0.012683734358839266,1.1931249352936708,0.003830102213999205,0.0038375535806827697,0.012819735880598208,0.013006495684976258,0.09051665667748102,0.9653730730242511,0.46152358266821186,0.14242167296770897,6.778273649707293,0.015594837801846704,0.013105785709361741,1.2059182343535328,1,1.4669646428125285,1,1.232826175956426,1,,,,
rkhs,128,128,10000,21,20260919,d137b5ddb1ee6c00e84f353a974d6c8b32c9889e31b824784c60f8a90f9f686c,0.05,0.9999986099154765,0.9999972198328854,0.08999986099154766,0.9473656408856186,10.526301157005014,0.010630684166966425,0.012683734358839266,1.1931249352936708,0.0031716833048484475,0.0031612896247439205,0.01282076651829662,0.013007537863523261,0.09050470641448026,0.965803498822562,0.46200515458118924,0.14243585024350047,6.780620870177541,0.015594016945507813,0.013078063143283594,1.2060151836826847,1,1.4668874270542576,1,1.2302183883820108,1,,,,
rkhs,128,128,10000,22,20260919,e6a4319f46a8c5e2c71d89650500d23e29054f45c92d6d8fe3f2b6886c3e0cef,0.05,0.9999986099154765,0.9999972198328854,0.08999986099154766,0.9473656408856186,10.526301157005014,0.010630684166966425,0.012683734358839266,1.1931249352936708,0.004106463246334619,0.004119820661724977,0.012820707153797442,0.01300746090940235,0.0904330196448871,0.9653785221913294,0.4635580680497121,0.14244832370294194,6.777043752403186,0.01558909168662487,0.013075070403841444,1.2060095994231728,1,1.466424121136634,1,1.2299368693946018,1,,,,
rkhs,128,128,10000,23,20260919,1c130119ecf30b6e88646b3d12188aec80be1c89999bd9e562c17b7c5f9179dd,0.05,0.9999986099154765,0.9999972198328854,0.08999986099154766,0.9473656408856186,10.526301157005014,0.010630684166966425,0.012683734358839266,1.1931249352936708,0.004015967336741847,0.004038371519206385,0.01280679376071961,0.012993577079816207,0.09023581313902028,0.9639509901152689,0.4609848755522031,0.14211158587896866,6.78305701926535,0.015575532479600007,0.013086896822019389,1.2047008037841236,1,1.4651486428313905,1,1.2310493488918945,1,,,,
rkhs,128,128,10000,24,20260919,85d6f9ee79fe5244e7406ab01005f8acb138bd994bad3e24c6251665376bc905,0.05,0.9999986099154765,0.9999972198328854,0.08999986099154766,0.9473656408856186,10.526301157005014,0.010630684166966425,0.012683734358839266,1.1931249352936708,0.0038110290728200647,0.003829732585650446,0.012789402956934244,0.01297625378479301,0.0898162751221907,0.9628866248844214,0.46053227955869575,0.14166746561672972,6.7968084322863245,0.015546637183947753,0.013098135575330811,1.2030648974292528,1,1.4624305397254733,1,1.2321065483284412,1,,,,
rkhs,128,128,10000,25,20260919,5c31ea972657c8e6a53f2c40644598fa18e717c112534952fe6b865f1118b713,0.05,0.9999986099154765,0.9999972198328854,0.08999986099154766,0.9473656408856186,10.526301157005014,0.010630684166966425,0.012683734358839266,1.1931249352936708,0.004996471756256656,0.004964882066310046,0.012800590186520735,0.012987400307641653,0.09010241907613702,0.9636357865136578,0.46048302058563156,0.14195093339588574,6.788513209886279,0.015566352383360472,0.013072820057644995,1.2041172501669304,1,1.46428509575433,1,1.229725185352342,1,,,,
rkhs,128,128,10000,26,20260919,58ec33210f015045563e664b17fef63fcba8801faab8d761def2de874d08cd73,0.05,0.9999986099154765,0.9999972198328854,0.08999986099154766,0.9473656408856186,10.526301157005014,0.010630684166966425,0.012683734358839266,1.1931249352936708,0.0037762503653057658,0.0037454925473091147,0.012809529906782179,0.012996334760071464,0.09023096528530415,0.9648777005227785,0.4618988132509178,0.14215634076945555,6.787440470823495,0.015575198972194474,0.01307353525128426,1.2049581857192462,1,1.4651172706825903,1,1.2297924617033307,1,,,,
rkhs,128,128,10000,27,20260919,53825ba25a1d34ba087bcfe85a991a252ccb400a36c428e598b72f087709ea8d,0.05,0.9999986099154765,0.9999972198328854,0.08999986099154766,0.9473656408856186,10.526301157005014,0.010630684166966425,0.012683734358839266,1.1931249352936708,0.003973314073570088,0.003968181780589353,0.012820431374823435,0.013007167836450347,0.09053247761335263,0.9649276681263309,0.4618588789872754,0.14245568674467318,6.7735285980951705,0.015595924449014633,0.01309559818067296,1.2059836576333804,1,1.467066860802534,1,1.2318678624058796,1,,,,
rkhs,128,128,10000,28,20260919,7eeab5221aed4de80d5abebc4a075249e1fd2cf833e09395b6f8b142381be210,0.05,0.9999986099154765,0.9999972198328854,0.08999986099154766,0.9473656408856186,10.526301157005014,0.010630684166966425,0.012683734358839266,1.1931249352936708,0.0038928340365918168,0.00407789580431717,0.012819371091317682,0.01300616065867229,0.09044018980297959,0.9660211266290722,0.4623509249666844,0.14239008490232302,6.784328608917853,0.015589584402116382,0.013091377712044008,1.2058839196024973,1,1.4664704695638635,1,1.2314708542206432,1,,,,
rkhs,128,128,10000,29,20260919,84573838ddbcae0e904e143b63e32aeb303a1cba3f41dedaa71f9f2985ca4135,0.05,0.9999986099154765,0.9999972198328854,0.08999986099154766,0.9473656408856186,10.526301157005014,0.010630684166966425,0.012683734358839266,1.1931249352936708,0.005069402382909325,0.005021287711107979,0.01280595771070898,0.01299275464447658,0.09020130156169125,0.9641446625721376,0.4610773286075416,0.1420820943014694,6.7858280616726985,0.015573158065393375,0.013131351814206806,1.2046221587978276,1,1.4649252880435575,1,1.2352311109957443,1,,,,
rkhs,128,128,10000,30,20260919,76cb057405bf6ef700af31385531679117a36252d7934349bffc3d8dd0831754,0.05,0.9999986099154765,0.9999972198328854,0.08999986099154766,0.9473656408856186,10.526301157005014,0.010630684166966425,0.012683734358839266,1.1931249352936708,0.004133355115876498,0.004137625214633053,0.012837563411329599,0.013024222186051109,0.09097666450952933,0.9657077056152968,0.46192593136189375,0.14290351104282736,6.757760523643675,0.015626394376704694,0.013095307196192046,1.207595222443047,1,1.469933085328773,1,1.2318404902747597,1,,,,
rkhs,128,128,10000,31,20260919,2f531fe73f5c916160098f0771feec59084dff6d793a79d3205611ea9047da40,0.05,0.9999986099154765,0.9999972198328854,0.08999986099154766,0.9473656408856186,10.526301157005014,0.010630684166966425,0.012683734358839266,1.1931249352936708,0.004858986147229366,0.004818234094799897,0.012809117215020158,0.012995950983114265,0.0901758271537585,0.9654980266123582,0.4623264530897598,0.1421243953637547,6.793330758883808,0.015571405121670523,0.01308122692191692,1.204919364910017,1,1.4647603933203843,1,1.2305159965682417,1,,,,
rkhs,128,128,10000,32,20260919,302ac0df6837826a976b051f11b422790b89e3fca1874d7e4be0c188910f7112,0.05,0.9999986099154765,0.9999972198328854,0.08999986099154766,0.9473656408856186,10.526301157005014,0.010630684166966425,0.012683734358839266,1.1931249352936708,0.00437635678341136,0.004357056050423266,0.012798454614225381,0.012985274793498178,0.08998825820962623,0.963546819779475,0.4615554771926241,0.1418950053490284,6.7905619187185335,0.015558490505892723,0.013117309530588957,1.2039163625982834,1,1.4635455499881056,1,1.2339101909686512,1,,,,
rkhs,128,128,10000,33,20260919,5fa71ee0d5b8dc377e413905cb0e87c43f9be8a0ca472382ef04fc55b068e184,0.05,0.9999986099154765,0.9999972198328854,0.08999986099154766,0.9473656408856186,10.526301157005014,0.010630684166966425,0.012683734358839266,1.1931249352936708,0.0041363307502894275,0.004117494415824456,0.01283217791617107,0.013018845632142189,0.09084755144306586,0.9650969353838831,0.4619338537108363,0.14277482772398337,6.759573454009959,0.015617545279421373,0.013099373619230761,1.2070886233310856,1,1.4691006744374009,1,1.2322230078037208,1,,,,
rkhs,128,128,10000,34,20260919,decef17cc37a339f79dfda17b5c4018ad1aa77adb1f5f023407e40d2c57d67b2,0.05,0.9999986099154765,0.9999972198328854,0.08999986099154766,0.9473656408856186,10.526301157005014,0.010630684166966425,0.012683734358839266,1.1931249352936708,0.003357994996180165,0.0033776846175771376,0.012803026292652618,0.01298982561475405,0.09016550927693942,0.9637531392584074,0.46048666129607846,0.14201422139656517,6.786314284448961,0.015570695057980305,0.013096841718406464,1.204346408149015,1,1.4646935995299692,1,1.2319848386713743,1,,,,
rkhs,128,128,10000,35,20260919,6c4ee5901c51b80213b21ae1bba8e5dcd57ca31424d6dc31acaefcc66b942eaf,0.05,0.9999986099154765,0.9999972198328854,0.08999986099154766,0.9473656408856186,10.526301157005014,0.010630684166966425,0.012683734358839266,1.1931249352936708,0.005664580915140702,0.005682225140181686,0.012833936813041484,0.0130205614184287,0.0909926596265006,0.9643469980253767,0.46061810509353746,0.14284851256681652,6.75083681794943,0.01562749020607944,0.013172193365739026,1.2072540780509124,1,1.4700361670643918,1,1.2390729664107638,1,,,,
rkhs,128,128,10000,36,20260919,726e57ef25f26e0db92d31b6b1977b2f50eb42c6f1a34c8e18b6b8458077ce06,0.05,0.9999986099154765,0.9999972198328854,0.08999986099154766,0.9473656408856186,10.526301157005014,0.010630684166966425,0.012683734358839266,1.1931249352936708,0.0038247495793031208,0.0037993235764578,0.012791816419895807,0.012978689465098581,0.08985468340673745,0.9637797060203783,0.4605048238059348,0.14170438228423474,6.801340159595073,0.015549285321736345,0.013104188760323428,1.203291925428924,1,1.4626796429578712,1,1.2326759552356115,1,,,,
rkhs,128,128,10000,37,20260919,68715e582c7ef9f835346d402a82fa8f0b486d07f982c8187ee2d29c66d5c0f7,0.05,0.9999986099154765,0.9999972198328854,0.08999986099154766,0.9473656408856186,10.526301157005014,0.010630684166966425,0.012683734358839266,1.1931249352936708,0.003702336270489339,0.0036924718318054332,0.012814129725402277,0.013000886395699698,0.09039836333737691,0.9644424342995871,0.4614199305076544,0.14229775422845886,6.7776363690967045,0.015586709915659433,0.013098598990734851,1.2053908783425857,1,1.466200074318195,1,1.2321501405748818,1,,,,
rkhs,128,128,10000,38,20260919,d174bba7f4b28093a6ea90287c6dccb2e7bd6a23162b7268557743cbe1257443,0.05,0.9999986099154765,0.9999972198328854,0.08999986099154766,0.9473656408856186,10.526301157005014,0.010630684166966425,0.012683734358839266,1.1931249352936708,0.0037549824356461216,0.003756635470016624,0.012800562624727691,0.012987421612471711,0.09004376602640161,0.9647854457506475,0.46084773138150603,0.14191209120884946,6.79847247357373,0.015562313766279397,0.013113999914469045,1.2041146575028447,1,1.4639051938573642,1,1.233598864240481,1,,,,
rkhs,128,128,10000,39,20260919,7cb8dd37e93ee4f3a42a4cf52aa3cc54b6c862c26baf16889abc0a37a69aa4d5,0.05,0.9999986099154765,0.9999972198328854,0.08999986099154766,0.9473656408856186,10.526301157005014,0.010630684166966425,0.012683734358839266,1.1931249352936708,0.0041677520192085135,0.004150797401413846,0.01281781979565312,0.013004571724874703,0.09054719574635121,0.9648941646066912,0.46027955685812116,0.14238465463421024,6.776672437669133,0.01559693526588203,0.013091371846225922,1.2057379933723322,1,1.4671619456391747,1,1.2314703024388391,1,,,,
rkhs,128,128,10000,40,20260919,05c16b67937fcd9953d00d37592c2a46541dae580a4f9d4aa17a245a83dcd259,0.05,0.9999986099154765,0.9999972198328854,0.08999986099154766,0.9473656408856186,10.526301157005014,0.010630684166966425,0.012683734358839266,1.1931249352936708,0.004481003974621197,0.004360950044819702,0.01282495218086144,0.013011692894591555,0.09064177248392515,0.9657189111603001,0.46166227532171805,0.1425543148992198,6.7743927066888485,0.015603428679625901,0.013100276461630095,1.2064089177546482,1,1.4677727636864317,1,1.2323079357712114,1,,,,
rkhs,128,128,10000,41,20260919,e7e8deb32f7f66d1029d40afcdf31e04bce4710a1056217a215ddef77a87ba84,0.05,0.9999986099154765,0.9999972198328854,0.08999986099154766,0.9473656408856186,10.526301157005014,0.010630684166966425,0.012683734358839266,1.1931249352936708,0.004534104549610559,0.004496300727630739,0.012798488829906012,0.012985327602679066,0.08999983445479733,0.9639908878070692,0.4610885412920294,0.14188123598473448,6.79435079005647,0.015559287950337591,0.013118736512841641,1.203919581175761,1,1.4636205634521822,1,1.2340444233689625,1,,,,
rkhs,128,128,10000,42,20260919,4af8233a89ee3e11efd24c5b13e2a610eb88c513c9199c567b807f2b43a68dc8,0.05,0.9999986099154765,0.9999972198328854,0.08999986099154766,0.9473656408856186,10.526301157005014,0.010630684166966425,0.012683734358839266,1.1931249352936708,0.0036120103218589667,0.0036572196278634806,0.012803883634502473,0.012990682663463359,0.09019705118068803,0.9638772091394251,0.4602656223942791,0.14203375283429015,6.786254604312077,0.015572865605588281,0.01312310989399598,1.2044270560016264,1,1.4648977771326415,1,1.2344558156260976,1,,,,
rkhs,128,128,10000,43,20260919,f64b65a1d1ff2845d5f9eee73854a6eed20038c9d3dc19d7342973c0b1562ae1,0.05,0.9999986099154765,0.9999972198328854,0.08999986099154766,0.9473656408856186,10.526301157005014,0.010630684166966425,0.012683734358839266,1.1931249352936708,0.003812560378963274,0.0038705530434804966,0.012806829218508,0.012993675031745179,0.09018339457662118,0.9654327730962676,0.46106366150800565,0.14206344525432207,6.795786005104615,0.015571925876653937,0.013080788613148372,1.204704139203353,1,1.464809379347552,1,1.2304747660357884,1,,,,
rkhs,128,128,10000,44,20260919,fee81551a6ba994c73402354d1f087c235f5314789d02c0ba51520e557bb5a1c,0.05,0.9999986099154765,0.9999972198328854,0.08999986099154766,0.9473656408856186,10.526301157005014,0.010630684166966425,0.012683734358839266,1.1931249352936708,0.0038505444600370874,0.0038619427646601843,0.012809103284396654,0.01299584773587758,0.09032346771836329,0.9633864881503236,0.4608896512957489,0.14219406946200672,6.775152380090886,0.01558156111920978,0.013110933799206711,1.204918054493558,1,1.4657157408201074,1,1.2333104429861028,1,,,,
rkhs,128,128,10000,45,20260919,d39bd2db90bd9608752ff62ed8c25e4cf92e6f179dccd95b3012e90ec06bc2dc,0.05,0.9999986099154765,0.9999972198328854,0.08999986099154766,0.9473656408856186,10.526301157005014,0.010630684166966425,0.012683734358839266,1.1931249352936708,0.004327308574315288,0.004337381510482236,0.012800117549263872,0.012986898512674152,0.09013015161926143,0.9628758199203329,0.46019674165630786,0.14196310994973282,6.782577672898783,0.015568261478921451,0.013088683394376206,1.2040727904454824,1,1.464464679262879,1,1.2312174069706368,1,,,,
rkhs,128,128,10000,46,20260919,b03bf869574f6964884bbda8eec930e153b817639828f1c45d94d86ab187154b,0.05,0.9999986099154765,0.9999972198328854,0.08999986099154766,0.9473656408856186,10.526301157005014,0.010630684166966425,0.012683734358839266,1.1931249352936708,0.005388581870458171,0.005357696927336571,0.012812076274497984,0.012998858965465748,0.09033446861591142,0.9647433054537916,0.46136861056669504,0.14223107404269905,6.782929201281058,0.015582317523887546,0.01312038053650459,1.2051977157133473,1,1.465786893783161,1,1.2341990722736922,1,,,,
rkhs,128,128,10000,47,20260919,88d4f7dedf476d03a8b40b625e49356b4a38548ff715eb58812703a5121e3297,0.05,0.9999986099154765,0.9999972198328854,0.08999986099154766,0.9473656408856186,10.526301157005014,0.010630684166966425,0.012683734358839266,1.1931249352936708,0.0038801008249509357,0.0038637097433220254,0.012793444098375411,0.012980297983453015,0.0899278107680938,0.9635763836780373,0.4601080066301885,0.14175594638138067,6.7974318416641815,0.015554325673185768,0.01308350414025631,1.2034450367860146,1,1.4631537753251074,1,1.230730208401048,1,,,,
rkhs,128,128,10000,48,20260919,078e2c986dc7580469075b080e9fecbfb07c86cc7c66a134f4adb1811089692c,0.05,0.9999986099154765,0.9999972198328854,0.08999986099154766,0.9473656408856186,10.526301157005014,0.010630684166966425,0.012683734358839266,1.1931249352936708,0.004134120007749972,0.004105781832078596,0.012809117282128768,0.012995912015880233,0.09027749971749446,0.9645755586822845,0.4610162433453154,0.14215497571680563,6.78538020789273,0.01557839993217323,0.013078778123181067,1.2049193712227444,1,1.4654183764184472,1,1.230285644626881,1,,,,
rkhs,128,128,10000,49,20260919,392565c0cc5d7e583381f6eff35181e0935b0edb5d432fbe2acfc654eb606db9,0.05,0.9999986099154765,0.9999972198328854,0.08999986099154766,0.9473656408856186,10.526301157005014,0.010630684166966425,0.012683734358839266,1.1931249352936708,0.004295581422747682,0.004262991372544444,0.01280117275198184,0.012988006460110176,0.09009371882997692,0.9642816244453875,0.46054485361550107,0.1419455924334444,6.793318537858235,0.015565753401859988,0.013083812619570784,1.2041720505402604,1,1.4642287511681231,1,1.2307592262243254,1,,,,
rkhs,128,128,10000,50,20260919,12ca69f8df8df6e935f210be71834e7d75dd4acfa9467bab18e50b60f62667bd,0.05,0.9999986099154765,0.9999972198328854,0.08999986099154766,0.9473656408856186,10.526301157005014,0.010630684166966425,0.012683734358839266,1.1931249352936708,0.004944615066905508,0.004954768487865884,0.012791406981793738,0.012978284147323629,0.08987567337543574,0.9638143467139466,0.4598900265964165,0.1416919598764875,6.802180925114601,0.015550732278924402,0.013096318685823297,1.2032534106827761,1,1.4628157543468778,1,1.2319356383964952,1,,,,
rkhs,128,128,10000,51,20260919,112446fb798bf4a3187a1daea715f8b9d597e7c64bcb34172bd00580fadb3d29,0.05,0.9999986099154765,0.9999972198328854,0.08999986099154766,0.9473656408856186,10.526301157005014,0.010630684166966425,0.012683734358839266,1.1931249352936708,0.004081136429619635,0.004094314485174784,0.01277774437956798,0.01296466316129167,0.08947378962194619,0.9627067374587586,0.46103973715175117,0.1413525412881541,6.8106786668676405,0.015522998740054831,0.01308120606930072,1.2019682062677854,1,1.4602069345913489,1,1.2305140350184607,1,,,,
rkhs,128,128,10000,52,20260919,35728acc02a287ac00ee3fdf62d2670f2603519e5a5debbd39bebb9885134528,0.05,0.9999986099154765,0.9999972198328854,0.08999986099154766,0.9473656408856186,10.526301157005014,0.010630684166966425,0.012683734358839266,1.1931249352936708,0.004076144680374467,0.004116031829302919,0.012806919219398515,0.012993677026994102,0.09029843280674411,0.963368141860458,0.4602520923646028,0.14213439919310358,6.777867619165347,0.01557983958575077,0.013093496837581499,1.2047126053461807,1,1.465553800776365,1,1.2316701946868076,1,,,,
rkhs,128,128,10000,53,20260919,0f2e094c9610f89b603a1caeec2b4716b4f0ac8ea42e49cac6f2ec1aab427246,0.05,0.9999986099154765,0.9999972198328854,0.08999986099154766,0.9473656408856186,10.526301157005014,0.010630684166966425,0.012683734358839266,1.1931249352936708,0.004896257106324773,0.004890880120417978,0.01278742734255518,0.01297436537440833,0.08963487403602262,0.9646427352472627,0.4618025660419608,0.1415550281450837,6.81461300165596,0.015534122455661563,0.013086249988221341,1.2028790566735652,1,1.4612533127389848,1,1.230988502968162,1,,,,
rkhs,128,128,10000,54,20260919,eb3f6d02f83e6e7788e3402dfa78ef252242b43b96800b8050ed08644116577b,0.05,0.9999986099154765,0.9999972198328854,0.08999986099154766,0.9473656408856186,10.526301157005014,0.010630684166966425,0.012683734358839266,1.1931249352936708,0.004630135715963047,0.004647798718457074,0.012821373055456754,0.01300812457482491,0.09053349587696514,0.9654274227003059,0.46201357766802437,0.14246509657681936,6.776589114792286,0.015595994384309569,0.013105000725567606,1.2060722390095675,1,1.4670734394285037,1,1.2327523346324052,1,,,,
rkhs,128,128,10000,55,20260919,0c9480b5d05f2b2e6ca14477323292fb888bde0c59cb524c33ba210dac210d94,0.05,0.9999986099154765,0.9999972198328854,0.08999986099154766,0.9473656408856186,10.526301157005014,0.010630684166966425,0.012683734358839266,1.1931249352936708,0.004529933485190464,0.004535511889571605,0.012825705053512113,0.013012400126007328,0.09074036032774647,0.9647551815157296,0.4608200825954633,0.14260718392007787,6.76512329180003,0.01561019388118737,0.013102759935373368,1.2064797384693688,1,1.4684091480860821,1,1.232541549497691,1,,,,
rkhs,128,128,10000,56,20260919,cf9b51e9af81b2d3f0fe4a6aebf54619531d8274c0d782d264881b74778936b6,0.05,0.9999986099154765,0.9999972198328854,0.08999986099154766,0.9473656408856186,10.526301157005014,0.010630684166966425,0.012683734358839266,1.1931249352936708,0.003827216441691289,0.0038596820918647455,0.012804909028521409,0.012991691401447916,0.09021955642255908,0.9636407622041536,0.4605163736937529,0.14206988278816093,6.782864483959836,0.015574414065753913,0.013088858947127037,1.2045235120718878,1,1.4650434366350131,1,1.2312339207479321,1,,,,
rkhs,128,128,10000,57,20260919,4842419722af668e281125e407cb603b319af040f8c34beca8e0fea850f395bb,0.05,0.9999986099154765,0.9999972198328854,0.08999986099154766,0.9473656408856186,10.526301157005014,0.010630684166966425,0.012683734358839266,1.1931249352936708,0.004798526931713738,0.004793539002391675,0.012788203372693771,0.012975029484561418,0.08986752039068438,0.9621208055994895,0.4594483870867994,0.1416597913287542,6.791770597534388,0.01555017026767167,0.013108365781873152,1.202952055751179,1,1.4627628874529033,1,1.233068876470418,1,,,,
rkhs,128,128,10000,58,20260919,34acc62ffd6f93974dc325432edc282263926a41499b2e97c8250bc05aa2f11e,0.05,0.9999986099154765,0.9999972198328854,0.08999986099154766,0.9473656408856186,10.526301157005014,0.010630684166966425,0.012683734358839266,1.1931249352936708,0.0046064306728191146,0.004604417928315894,0.012798724764769577,0.012985548662631194,0.09003531405110769,0.9636758518680161,0.4607471462558861,0.14189817629543533,6.791319501257157,0.015561731688265645,0.013106177100794451,1.2039417749367514,1,1.4638504393369016,1,1.2328629931007002,1,,,,
rkhs,128,128,10000,59,20260919,4c28526ee85cc8da5047723c4e3110afe2eaaffb4a4af4229f65a78c0b4ed4d7,0.05,0.9999986099154765,0.9999972198328854,0.08999986099154766,0.9473656408856186,10.526301157005014,0.010630684166966425,0.012683734358839266,1.1931249352936708,0.004618728791226209,0.004642275839883601,0.012789271610933182,0.012976130789199401,0.08979906791917196,0.9630634787859401,0.46067468305209325,0.1416579942021293,6.798511331536728,0.015545450614462901,0.013102111544173074,1.2030525420625615,1,1.4623189223106188,1,1.2324805570732986,1,,,,
rkhs,128,128,10000,60,20260919,304fbefd82d713bb85c78c5b306465b143b82f39a6104e67a9f483133b924cf3,0.05,0.9999986099154765,0.9999972198328854,0.08999986099154766,0.9473656408856186,10.526301157005014,0.010630684166966425,0.012683734358839266,1.1931249352936708,0.004282868886087131,0.00420853516395597,0.012822452112115296,0.01300921023773281,0.09050902755069018,0.9657485486730175,0.4628180277988545,0.14248424269854085,6.777932284879299,0.015594313767995674,0.013080788303778082,1.2061737429806754,1,1.4669153483510622,1,1.2304747369341535,1,,,,
rkhs,128,128,10000,61,20260919,174ce83c482811db92b044d507552ab1cd44dbddae330b34565f0666eee91fc5,0.05,0.9999986099154765,0.9999972198328854,0.08999986099154766,0.9473656408856186,10.526301157005014,0.010630684166966425,0.012683734358839266,1.1931249352936708,0.004778578192928137,0.004805944783041423,0.012826238359708673,0.013012902420801225,0.09077227904541067,0.9641042622878173,0.4609031315029837,0.14264361284194677,6.758832331007156,0.015612383389554091,0.01311551142301139,1.2065299051555562,1,1.4686151092765694,1,1.2337410478025739,1,,,,
rkhs,128,128,10000,62,20260919,cb6984067a47e2caee32943851a5f68a71925c81ac3e952ad242bddb14bd0949,0.05,0.9999986099154765,0.9999972198328854,0.08999986099154766,0.9473656408856186,10.526301157005014,0.010630684166966425,0.012683734358839266,1.1931249352936708,0.0053060511750548205,0.005308576693636578,0.01281281389108859,0.012999576075955185,0.09036028728563088,0.9643716617084881,0.46149540661267585,0.14226377447046318,6.778757735748893,0.01558409259475672,0.013127250175656333,1.2052671013313396,1,1.4659538699477517,1,1.2348452808378683,1,,,,
rkhs,128,128,10000,63,20260919,07ae17f8c49f0ff2b6e8ccac56c084f5bbfa98cd25094d1ccb1f8d7ac355ec95,0.05,0.9999986099154765,0.9999972198328854,0.08999986099154766,0.9473656408856186,10.526301157005014,0.010630684166966425,0.012683734358839266,1.1931249352936708,0.004052033462152606,0.0040419943484342365,0.012816101010754918,0.01300286961577517,0.09038655509010794,0.9650255665857836,0.4622840053099318,0.14233282165625188,6.780063483294231,0.015585898284057683,0.013093592905378143,1.2055763118783467,1,1.4661237263062514,1,1.2316792315272531,1,,,,
rkhs,128,128,10000,64,20260919,08c068a89ced899020bac7e884eea00603130c641b670e1a711cf3f3a5b75a92,0.05,0.9999986099154765,0.9999972198328854,0.08999986099154766,0.9473656408856186,10.526301157005014,0.010630684166966425,0.012683734358839266,1.1931249352936708,0.005380586396210328,0.005366953979786225,0.01281972671208516,0.013006468439830587,0.09053358504722182,0.9649444518710241,0.4614693901824979,0.14243566028737648,6.774598790247918,0.015596000508587265,0.013120104970766345,1.2059173718960556,1,1.467074015522911,1,1.2341731505424172,1,,,,
rkhs,128,128,10000,65,20260919,32aa071d9cb9c389e658bef62c8df5367fab1f8cc533237fb42160721ba7f77c,0.05,0.9999986099154765,0.9999972198328854,0.08999986099154766,0.9473656408856186,10.526301157005014,0.010630684166966425,0.012683734358839266,1.1931249352936708,0.0039425404589710075,0.003887613147639877,0.012781210388961637,0.012968145973332334,0.0895522190415943,0.963633315060589,0.4607877284478356,0.1414172854410516,6.8141126599567645,0.01552841594860542,0.013100658244107164,1.2022942444925335,1,1.4607165168972012,1,1.2323438490267529,1,,,,
rkhs,128,128,10000,66,20260919,af85dfea20d1b16bcbeaa0b078ff8c56869067ba59c762fe35ac1d7432247a2f,0.05,0.9999986099154765,0.9999972198328854,0.08999986099154766,0.9473656408856186,10.526301157005014,0.010630684166966425,0.012683734358839266,1.1931249352936708,0.004452003185653419,0.004420666340262749,0.012805479027284676,0.012992280663419098,0.09019241340049394,0.9641825397068182,0.4609746896278789,0.1420676330361203,6.78678541411102,0.015572546481795463,0.013089575827560563,1.204577130329595,1,1.4648677580117828,1,1.2313013557711412,1,,,,
rkhs,128,128,10000,67,20260919,eef37d00ce09129362b181361f62de2e8bb57a49ab60a8c258410040e9ead2f3,0.05,0.9999986099154765,0.9999972198328854,0.08999986099154766,0.9473656408856186,10.526301157005014,0.010630684166966425,0.012683734358839266,1.1931249352936708,0.004699763838493995,0.004715536468127174,0.012805161662256561,0.012991926135047327,0.09031462037867545,0.9632570337035935,0.45913038667867206,0.14208959187753192,6.779223030873591,0.015580952756415028,0.013102395277485756,1.2045472766510235,1,1.4656585137606637,1,1.2325072471064353,1,,,,
rkhs,128,128,10000,68,20260919,5cc40c3a488613541a5ada78b0707e4257c3155cfb70d77ec38cc6d67cd0a442,0.05,0.9999986099154765,0.9999972198328854,0.08999986099154766,0.9473656408856186,10.526301157005014,0.010630684166966425,0.012683734358839266,1.1931249352936708,0.00428808584865876,0.0042599153901332195,0.012801763477688907,0.012988566467144542,0.09011982395985481,0.9636467544257987,0.4607515075748466,0.14198292308671687,6.787060961107598,0.015567550561907543,0.013106813323917114,1.2042276185260823,1,1.4643978052025888,1,1.2329228409066053,1,,,,
rkhs,128,128,10000,69,20260919,d92699ca6e6b559015fd52c130409c0ef73c500b2d299b1ba40d45351b622bca,0.05,0.9999986099154765,0.9999972198328854,0.08999986099154766,0.9473656408856186,10.526301157005014,0.010630684166966425,0.012683734358839266,1.1931249352936708,0.0036006682043430585,0.003584559409698097,0.012795674589827563,0.012982537635562532,0.08990628806112426,0.9641336579848052,0.46129604992280704,0.14179895488925123,6.799300169298281,0.015552842419349504,0.013084515688689811,1.2036548531456317,1,1.4630142496075742,1,1.2308253620541538,1,,,,
rkhs,128,128,10000,70,20260919,7e2c7315fb5704743551f9a1442c3ca31757c59cd9a02824f49f2581467af366,0.05,0.9999986099154765,0.9999972198328854,0.08999986099154766,0.9473656408856186,10.526301157005014,0.010630684166966425,0.012683734358839266,1.1931249352936708,0.004947238884728428,0.004953069059768122,0.01285221076426541,0.013038850598593391,0.09126204723068175,0.9674964370579435,0.46304529373058645,0.14324957706743977,6.753921769712874,0.015645931566594218,0.01309975476642766,1.2089730597210397,1,1.4717708964783351,1,1.2322588613001575,1,,,,
rkhs,128,128,10000,71,20260919,7a6a5439850c28ad41d2e0b43e5419570bacb4af508b7197bc27249380497940,0.05,0.9999986099154765,0.9999972198328854,0.08999986099154766,0.9473656408856186,10.526301157005014,0.010630684166966425,0.012683734358839266,1.1931249352936708,0.004019206528432065,0.004061461858115874,0.012808344912175331,0.012995120790207792,0.09034218337772608,0.9640122941616465,0.45977752142010836,0.14215235314444255,6.781542991286983,0.01558284795148686,0.013116615508362779,1.2048467164489494,1,1.4658367896874116,1,1.2338449061558134,1,,,,
rkhs,128,128,10000,72,20260919,5fb0ad3cb70def87ebc55354d64e74380b6beec5626703d57ed0a1141b35edcb,0.05,0.9999986099154765,0.9999972198328854,0.08999986099154766,0.9473656408856186,10.526301157005014,0.010630684166966425,0.012683734358839266,1.1931249352936708,0.004866682175686683,0.0048513761409445565,0.012826985239117692,0.013013695013837102,0.09069363090969469,0.9652980677288453,0.4620002889670262,0.14262451082440075,6.7681078248697375,0.01560698771775079,0.013101621267442017,1.206600162102079,1,1.4681075528748782,1,1.2324344380537362,1,,,,
rkhs,128,128,10000,73,20260919,87a0704ee9d73f58e5088d40a9d5581e747db4dd7d3d4b81f1253656a5c10371,0.05,0.9999986099154765,0.9999972198328854,0.08999986099154766,0.9473656408856186,10.526301157005014,0.010630684166966425,0.012683734358839266,1.1931249352936708,0.004071270111276195,0.004039021663088513,0.012796526321549479,0.01298335776803826,0.08998813628529649,0.963518012077,0.46059639101764704,0.14184280965616888,6.792857631716376,0.015558482106706482,0.013085930330826816,1.2037349732685267,1,1.4635447598991416,1,1.2309584336528192,1,,,,
rkhs,128,128,10000,74,20260919,5805aa8fe9bc1ff49e518ce44dc842176c39af57f92c00be8afff683cb628045,0.05,0.9999986099154765,0.9999972198328854,0.08999986099154766,0.9473656408856186,10.526301157005014,0.010630684166966425,0.012683734358839266,1.1931249352936708,0.004032764471549145,0.004093542800338254,0.01280514978072713,0.012991985732997216,0.09013832846510854,0.9649427838247365,0.46133951755580294,0.1420333547576921,6.793775908982239,0.015568824313174696,0.013078767765342503,1.2045461589873583,1,1.4645176235743085,1,1.2302846702927366,1,,,,
rkhs,128,128,10000,75,20260919,93fae1c20bcfb5cc1b7f0bc0b662d8b4f55f6bbd8bbc401faf5b80714fe7d4f6,0.05,0.9999986099154765,0.9999972198328854,0.08999986099154766,0.9473656408856186,10.526301157005014,0.010630684166966425,0.012683734358839266,1.1931249352936708,0.004678580785335633,0.004690452585593032,0.012809509825192501,0.012996293664338514,0.09027293726084688,0.9643782368167841,0.4614204269545906,0.14217235509655046,6.783162845982727,0.015578086131343882,0.013091469935798636,1.204956296697866,1,1.4653888580145118,1,1.231479529462347,1,,,,
rkhs,128,128,10000,76,20260919,5bcb5a40497b2875af6e04b010a431e2859ad759c122db54bbafc7be7851653e,0.05,0.9999986099154765,0.9999972198328854,0.08999986099154766,0.9473656408856186,10.526301157005014,0.010630684166966425,0.012683734358839266,1.1931249352936708,0.003638338443041739,0.0036674389614659653,0.012810114546972323,0.012996948023604125,0.09023227621455844,0.9656437150812524,0.46170402755458373,0.14214708408380716,6.79327135906585,0.015575289158269466,0.01310738614203058,1.2050131812567828,1,1.465125754245226,1,1.232976724373038,1,,,,
rkhs,128,128,10000,77,20260919,55443bcf7e6db2d669b15b28a38ded0323d630230a25c680ca3b75ba351127c7,0.05,0.9999986099154765,0.9999972198328854,0.08999986099154766,0.9473656408856186,10.526301157005014,0.010630684166966425,0.012683734358839266,1.1931249352936708,0.004579884871746603,0.0046033064669888605,0.012801347378691937,0.012988168278071897,0.09006181074251918,0.9640058927629974,0.46138937290387805,0.14195954309395564,6.790708618475702,0.015563556394128325,0.013078688276788677,1.204188477207383,1,1.4640220845324525,1,1.2302771930172782,1,,,,
rkhs,128,128,10000,78,20260919,b76a180f3e10b43a408572fe35662b46b8c7d7f42f86368c93c4288c020c25b1,0.05,0.9999986099154765,0.9999972198328854,0.08999986099154766,0.9473656408856186,10.526301157005014,0.010630684166966425,0.012683734358839266,1.1931249352936708,0.004188750444102957,0.004158111047888529,0.012805554485996818,0.012992417015538289,0.09009103019806804,0.9656329766363378,0.4619957686471286,0.142021664926217,6.7991948773308835,0.015565568293112548,0.013086531925890257,1.2045842285286343,1,1.4642113384838094,1,1.2310150240898967,1,,,,
rkhs,128,128,10000,79,20260919,d967a911ac612388ce65259a7191cd1135f828d466b0f98d9fb44d82390a1e08,0.05,0.9999986099154765,0.9999972198328854,0.08999986099154766,0.9473656408856186,10.526301157005014,0.010630684166966425,0.012683734358839266,1.1931249352936708,0.003791788542992403,0.003800330042735326,0.012828607533247197,0.013015264755188891,0.09079635321683578,0.964304231868792,0.461543957276202,0.14270247520135193,6.757445731114105,0.015614034535820057,0.013104790237380532,1.20675276696777,1,1.4687704281854967,1,1.2327325345721487,1,,,,
rkhs,128,128,10000,80,20260919,8a07a3523463591ed81cb21f0c62a547e4d1ecd87a1b24707bbc027a9b551432,0.05,0.9999986099154765,0.9999972198328854,0.08999986099154766,0.9473656408856186,10.526301157005014,0.010630684166966425,0.012683734358839266,1.1931249352936708,0.003699448122047801,0.0037065130089122323,0.012801671320949467,0.012988537151385144,0.09000217813807189,0.965116773196752,0.4619750288958551,0.14193168790652014,6.799868214294772,0.015559449391712814,0.013100434693693033,1.2042189495883175,1,1.463635749810152,1,1.2323228202377663,1,,,,
rkhs,128,128,10000,81,20260919,04b3cb98b816e96b009f27271b4d4306ff820400589dca390485a6bf63e50855,0.05,0.9999986099154765,0.9999972198328854,0.08999986099154766,0.9473656408856186,10.526301157005014,0.010630684166966425,0.012683734358839266,1.1931249352936708,0.004579378107573633,0.004644341629434976,0.012797973330593126,0.012984741786835497,0.09011421567657057,0.9622537245958195,0.4597820687437022,0.14192463268882652,6.78003322161549,0.01556716449183048,0.013110274549543648,1.2038710895354499,1,1.4643614886239944,1,1.233248429135187,1,,,,
rkhs,128,128,10000,82,20260919,23a7ac232265dd128a87c2f18d42a9feb6924c4f1eb6b3f77988960b9ef378b9,0.05,0.9999986099154765,0.9999972198328854,0.08999986099154766,0.9473656408856186,10.526301157005014,0.010630684166966425,0.012683734358839266,1.1931249352936708,0.0037987912825620217,0.0038029101905439604,0.012820408368260415,0.013007175974505649,0.09050217676051049,0.965660323750451,0.46195703353769196,0.14243071040938915,6.779860333314702,0.015593843178156496,0.013099742069532254,1.2059814934675885,1,1.4668710812247148,1,1.2322576669371978,1,,,,
rkhs,128,128,10000,83,20260919,e672846b319bee114c44362c1ccdd7467d0ff77197d912857002572a6f2fb439,0.05,0.9999986099154765,0.9999972198328854,0.08999986099154766,0.9473656408856186,10.526301157005014,0.010630684166966425,0.012683734358839266,1.1931249352936708,0.004295678824589636,0.004298873218494125,0.012799866794618843,0.012986683830086306,0.09009332821698877,0.9636884220584553,0.4602511516447316,0.14192924348106994,6.789921501885472,0.01556572650884438,0.013104444984250478,1.2040492026273242,1,1.4642262214141406,1,1.2327000575344875,1,,,,
rkhs,128,128,10000,84,20260919,95cd8ee594f8c002d5fefaff95262d47a47066691afd1c6ee527af860d434e09,0.05,0.9999986099154765,0.9999972198328854,0.08999986099154766,0.9473656408856186,10.526301157005014,0.010630684166966425,0.012683734358839266,1.1931249352936708,0.0056411848707411325,0.005647838462831268,0.01279658895327298,0.012983458655966973,0.0899749516182313,0.9644307141779551,0.46031469016924814,0.14181431968882155,6.800658186663895,0.015557573800968318,0.013154481069044831,1.203740864867084,1,1.4634593180099933,1,1.2374068180786335,1,,,,
rkhs,128,128,10000,85,20260919,114044ccafe3c912e898e015a22c1813a444a8797e29c2b04c5d3c4a5dc94382,0.05,0.9999986099154765,0.9999972198328854,0.08999986099154766,0.9473656408856186,10.526301157005014,0.010630684166966425,0.012683734358839266,1.1931249352936708,0.004387255529962818,0.004393033545395355,0.012800403415431599,0.012987224373621112,0.09009220426059207,0.9638630103795659,0.46043761832038105,0.14193825180861042,6.79072059925917,0.015565649126102709,0.013086661262827584,1.2040996811105833,1,1.4642189422267944,1,1.2310271904693408,1,,,,
rkhs,128,128,10000,86,20260919,faf0414776d4576f55108793610fa10e7368deaba4fbceed591592ae7a118761,0.05,0.9999986099154765,0.9999972198328854,0.08999986099154766,0.9473656408856186,10.526301157005014,0.010630684166966425,0.012683734358839266,1.1931249352936708,0.004365677526898478,0.0043776892064854266,0.012820567836744302,0.013007318872244131,0.09058912543268073,0.9652929337246281,0.4606611796395478,0.14244731822074913,6.776490746064616,0.015599814476617733,0.013095807100558595,1.2059964942409518,1,1.4674327852850981,1,1.2318875149402184,1,,,,
rkhs,128,128,10000,87,20260919,7acdd5e963c679bcf908132db151a6dd2dd052494acf93489fa67b1da4b95717,0.05,0.9999986099154765,0.9999972198328854,0.08999986099154766,0.9473656408856186,10.526301157005014,0.010630684166966425,0.012683734358839266,1.1931249352936708,0.003985448509323936,0.004013391625233544,0.012789418405191228,0.012976254041878951,0.08988497832252282,0.9625308375992196,0.45949295251405914,0.1416796731718971,6.7937115893216395,0.015551373667469223,0.01310582581790566,1.2030663506054307,1,1.462876088050217,1,1.2328299488597771,1,,,,
rkhs,128,128,10000,88,20260919,cc0a1ccb17206c28a4d88ba59abc48fe7b8abead2a20728cb772d9a7dca45954,0.05,0.9999986099154765,0.9999972198328854,0.08999986099154766,0.9473656408856186,10.526301157005014,0.010630684166966425,0.012683734358839266,1.1931249352936708,0.004106585195730003,0.0041374907030985245,0.012799212574696604,0.012986037247014285,0.09005996745413458,0.9637686786762022,0.4604842329927162,0.14190854764407318,6.7914772906666,0.015563429463981718,0.013107150810152814,1.2039876619106624,1,1.4640101445533682,1,1.2329545873333074,1,,,,
rkhs,128,128,10000,89,20260919,d1cd6ac144fa391c972e560704c43e6e0f2aaa469e8e7ff1662a3e20edb6016e,0.05,0.9999986099154765,0.9999972198328854,0.08999986099154766,0.9473656408856186,10.526301157005014,0.010630684166966425,0.012683734358839266,1.1931249352936708,0.003875197051682614,0.003878817564548733,0.012809384804655367,0.012996178823254103,0.09029114876532178,0.9645995533804189,0.46088617897234674,0.1421615619400715,6.785234631756844,0.015579338651566743,0.013097140841503405,1.2049445363506324,1,1.4655066792387332,1,1.232012976380316,1,,,,
rkhs,128,128,10000,90,20260919,06595f510e1856a4c9184e79a9885d4644a5ae6af671f3b0894e131f38ffbf84,0.05,0.9999986099154765,0.9999972198328854,0.08999986099154766,0.9473656408856186,10.526301157005014,0.010630684166966425,0.012683734358839266,1.1931249352936708,0.0038107474810051625,0.003840741329807204,0.012817677739552991,0.013004390936796104,0.09053842568097363,0.9639578017273159,0.4609418328227672,0.14241186112259135,6.768802781795817,0.015596332962287216,0.01310283861250378,1.205724630535294,1,1.467105288552448,1,1.2325489504447211,1,,,,
rkhs,128,128,10000,91,20260919,9abc7957c491ffb1f3708ede76846dca1a9326431bac8cb190a3edc400ec4c14,0.05,0.9999986099154765,0.9999972198328854,0.08999986099154766,0.9473656408856186,10.526301157005014,0.010630684166966425,0.012683734358839266,1.1931249352936708,0.004470708336116334,0.004436654851455891,0.012821183099421013,0.01300790590381261,0.09059461264186507,0.9647198286417502,0.4612240068073769,0.1424833686563541,6.7707539324711785,0.015600191220767537,0.013068147901569868,1.2060543703538198,1,1.4674682245986819,1,1.2292856881382639,1,,,,
rkhs,128,128,10000,92,20260919,1900fe8e58194c90d6eefe491755720eceaf192b50e48657bf5539672761a50b,0.05,0.9999986099154765,0.9999972198328854,0.08999986099154766,0.9473656408856186,10.526301157005014,0.010630684166966425,0.012683734358839266,1.1931249352936708,0.004344653790815358,0.004347394436133738,0.01279930996173174,0.012986176253378617,0.08998843508371036,0.9647663846022579,0.46124251960800194,0.14187819608269125,6.799962300337964,0.01555850269047593,0.013078467899426401,1.203996822848341,1,1.4635466961592285,1,1.230256462708785,1,,,,
rkhs,128,128,10000,93,20260919,0907aaefd590aa5d92f96d348e92a56bdb82f8393e34b028ccf420a570241ec9,0.05,0.9999986099154765,0.9999972198328854,0.08999986099154766,0.9473656408856186,10.526301157005014,0.010630684166966425,0.012683734358839266,1.1931249352936708,0.003495615514454758,0.003504535304072294,0.012794610475523733,0.012981477971536556,0.0899003048464589,0.9640759958488088,0.46090141297549064,0.1417715453176496,6.800207994409071,0.01555243004999115,0.01308456402124552,1.2035547547618288,1,1.462975459125995,1,1.2308299085682775,1,,,,
rkhs,128,128,10000,94,20260919,7dfe857b739880ad5b80c26cfd19f063e3d7bc65d626dff4aa6dc97998fe774d,0.05,0.9999986099154765,0.9999972198328854,0.08999986099154766,0.9473656408856186,10.526301157005014,0.010630684166966425,0.012683734358839266,1.1931249352936708,0.0035215880032373748,0.0035412556618015507,0.012814926296332043,0.01300170282242014,0.09040595282941286,0.9650332187247961,0.46132389531779905,0.14230013114485707,6.781674837266471,0.01558723154609222,0.013084645908647503,1.205465809637435,1,1.4662491426965418,1,1.23083761149696,1,,,,
rkhs,128,128,10000,95,20260919,d8d61c1bab9443c2efb76ec0f9d5808b542c2ef62eabea443a407571dda4c589,0.05,0.9999986099154765,0.9999972198328854,0.08999986099154766,0.9473656408856186,10.526301157005014,0.010630684166966425,0.012683734358839266,1.1931249352936708,0.003950161773896565,0.003968645621613939,0.012771247869002543,0.012958200263579423,0.08933615839681848,0.9625055771278073,0.4604074873219902,0.14118056881631694,6.81754993054374,0.015513486653847516,0.013102719443573684,1.2013570969108143,1,1.4593121581067956,1,1.232537740542496,1,,,,
rkhs,128,128,10000,96,20260919,113f2b5a6d2dcf37ed4097b3322cf5791076b9cf42aa1b50b8771ef4f283ed4c,0.05,0.9999986099154765,0.9999972198328854,0.08999986099154766,0.9473656408856186,10.526301157005014,0.010630684166966425,0.012683734358839266,1.1931249352936708,0.0039234562305463,0.003916682842135791,0.012788724386719883,0.01297562751016617,0.08972677833873986,0.9640167919920928,0.46114786081104403,0.1416114004853353,6.80748010886258,0.015540464447352015,0.013093635203858825,1.2030010661458,1,1.461849886919051,1,1.231683210432093,1,,,,
rkhs,128,128,10000,97,20260919,4f93c70b2a5baed63298d6f1801686988d36228458ad0945b8914d1b35e05e26,0.05,0.9999986099154765,0.9999972198328854,0.08999986099154766,0.9473656408856186,10.526301157005014,0.010630684166966425,0.012683734358839266,1.1931249352936708,0.004173045077962852,0.004188697113387428,0.01280876733851933,0.012995573286450417,0.09020866920865812,0.9647869848027427,0.4619774027040612,0.14213830773781688,6.787663369275181,0.01557366500140995,0.01311075083600725,1.2048864529642445,1,1.4649729741575097,1,1.2332932321277434,1,,,,
rkhs,128,128,10000,98,20260919,24eaa2ec8197c810fe56810eeff759d09eeff349834ada0733c80b9e58622de8,0.05,0.9999986099154765,0.9999972198328854,0.08999986099154766,0.9473656408856186,10.526301157005014,0.010630684166966425,0.012683734358839266,1.1931249352936708,0.00424150706956365,0.004310434977448135,0.012820270095820218,0.013006999907148136,0.09056515762556479,0.9647459177152367,0.46128589090515854,0.14245727299652627,6.772177351301407,0.015598168746538832,0.013125193949453124,1.2059684865493105,1,1.467277975862388,1,1.2346518571436906,1,,,,
rkhs,128,128,10000,99,20260919,c93dc8930048c42a9820f0cc4cc6e9401ad112dd6625b2c42504887da80b874a,0.05,0.9999986099154765,0.9999972198328854,0.08999986099154766,0.9473656408856186,10.526301157005014,0.010630684166966425,0.012683734358839266,1.1931249352936708,0.003838016587941712,0.003840257989049631,0.012820242044249225,0.013006977752054337,0.09057993866143806,0.964880936784864,0.4609166964569129,0.14245200910229402,6.773375418608439,0.01559918370013937,0.013086455077146451,1.2059658478131245,1,1.467373449830441,1,1.2310077951343,1,,,,
rkhs,256,256,10000,0,20260919,9bc57296425d53e9fd460c23ea9b7e3b9083f68c5242157ad6a343bda389ca11,0.05,0.999999999998068,0.999999999996136,0.0899999999998068,0.9473684210487675,10.526315789453346,0.010630693747074874,0.013200164914092991,1.2417030560893665,0.004310099682489598,0.004353279139484443,0.01280183299211865,0.01298864420105493,0.09011935922517755,0.9638451919466867,0.4606739930781962,0.14197825306808218,6.7886818658382735,0.01625433452571748,0.013658937250137348,1.2042330723374646,1,1.5290003561799528,1,1.28485850266317,1,,,,
rkhs,256,256,10000,1,20260919,e778377a616ed3feb1e3010aa78406c72e6fb49be10316995c10931c2181fabd,0.05,0.999999999998068,0.999999999996136,0.0899999999998068,0.9473684210487675,10.526315789453346,0.010630693747074874,0.013200164914092991,1.2417030560893665,0.003875693889225287,0.003901540486143583,0.012842326279253672,0.013028980290581896,0.09100849826276665,0.9663161033091952,0.46339708198519963,0.14301508926693723,6.756742300846095,0.016317820382689176,0.013662033042675874,1.2080421640203254,1,1.5349722954044427,1,1.2851497153170364,1,,,,
rkhs,256,256,10000,2,20260919,9304ff1d13936ef74b3a3a45bffc89dbb3276eca010e6cfe1ca76fbbaba9bd0a,0.05,0.999999999998068,0.999999999996136,0.0899999999998068,0.9473684210487675,10.526315789453346,0.010630693747074874,0.013200164914092991,1.2417030560893665,0.003237750803825893,0.003243261326341651,0.012800460073363967,0.0129873077411641,0.09005937329101614,0.9644961651704166,0.46068441291787365,0.14191883312460046,6.796111156886543,0.016250040187029427,0.013619152816054834,1.2041039256620596,1,1.528596399600051,1,1.2811160908291859,1,,,,
rkhs,256,256,10000,3,20260919,68a663292fb0a7fa587c04fba9bd9e1459b00407bf5f2b3b58c479a16e7a0c85,0.05,0.999999999998068,0.999999999996136,0.0899999999998068,0.9473684210487675,10.526315789453346,0.010630693747074874,0.013200164914092991,1.2417030560893665,0.004374976457994991,0.0043746136474886255,0.012801055988296695,0.012987877706598261,0.09010996898396641,0.9639745185667045,0.4603735678459596,0.14195254140738575,6.790822545404243,0.016253662381229723,0.013625329399997974,1.204159981733931,1,1.5289371294043774,1,1.281697105021683,1,,,,
rkhs,256,256,10000,4,20260919,acc76591806e9ccd98f2a39cfb1d91981e05b89d27f04fcbb989431778e8ef56,0.05,0.999999999998068,0.999999999996136,0.0899999999998068,0.9473684210487675,10.526315789453346,0.010630693747074874,0.013200164914092991,1.2417030560893665,0.005388948626315966,0.0053698088407312505,0.012823066757863802,0.01300976668210651,0.09065567942454682,0.9644608541600541,0.4612165958139164,0.14254403815928654,6.766055365165904,0.016292665867786917,0.013682097967681972,1.2062304740358245,1,1.5326060796615444,1,1.287037167395281,1,,,,
rkhs,256,256,10000,5,20260919,0dfdba567b4d3873a00d1a86b8ddde72961ebc3b4d246e1079d9f237cfec3c68,0.05,0.999999999998068,0.999999999996136,0.0899999999998068,0.9473684210487675,10.526315789453346,0.010630693747074874,0.013200164914092991,1.2417030560893665,0.003929282645938516,0.0039358311861717446,0.012804982675368481,0.012991813811495636,0.09013303764058071,0.9647972515275179,0.461440684373156,0.1420335599723854,6.792741459941557,0.01625531355096057,0.013609381505699346,1.2045293543417033,1,1.529092450380612,1,1.2801969306513117,1,,,,
rkhs,256,256,10000,6,20260919,8b2088e3b8b12abd6e78bd68e7a44412869230752281d8e908f5c46f150c959a,0.05,0.999999999998068,0.999999999996136,0.0899999999998068,0.9473684210487675,10.526315789453346,0.010630693747074874,0.013200164914092991,1.2417030560893665,0.003825074474745147,0.0038471588190048447,0.012811541957117051,0.01299837004851219,0.09017766122975183,0.9657285614294927,0.46338596970708873,0.14218365040008119,6.792121025955466,0.016258506944029954,0.013653726034793048,1.2051463678597887,1,1.5293928440468545,1,1.2843682980285258,1,,,,
rkhs,256,256,10000,7,20260919,7387c1c5f73c4c9eb92474caf55885076b66f81a9b1a1f6e6da5438583bee44c,0.05,0.999999999998068,0.999999999996136,0.0899999999998068,0.9473684210487675,10.526315789453346,0.010630693747074874,0.013200164914092991,1.2417030560893665,0.004324732789558364,0.004348561527323392,0.012805458663713257,0.012992262112149577,0.09017157759466508,0.9642160481077777,0.46132743158886236,0.14206595289915944,6.787101542846039,0.016258071628035848,0.013644528947349048,1.2045741292506698,1,1.529351895073583,1,1.2835031534139958,1,,,,
rkhs,256,256,10000,8,20260919,bce64c4328f62cb541a31ea3db9e15aea3b17ec27837ea9b9bf57a8074967b4e,0.05,0.999999999998068,0.999999999996136,0.0899999999998068,0.9473684210487675,10.526315789453346,0.010630693747074874,0.013200164914092991,1.2417030560893665,0.004432707231902775,0.004412724762261327,0.012807205514813017,0.012993998900431902,0.09026062479148038,0.9642453886482131,0.46055714499361505,0.1421131711763529,6.78505293117166,0.016264441957081543,0.01363686839759261,1.2047384507090169,1,1.5299511343327752,1,1.2827825466559895,1,,,,
rkhs,256,256,10000,9,20260919,3eaa14a2623442ad19b43e39f4dc8cfda5017e1f73837c2e40b0c0a9556e43ae,0.05,0.999999999998068,0.999999999996136,0.0899999999998068,0.9473684210487675,10.526315789453346,0.010630693747074874,0.013200164914092991,1.2417030560893665,0.004258196091740579,0.004311397624837763,0.012810122240963421,0.012996928514767796,0.09020665133006688,0.9649956503498163,0.46257625221724985,0.1421687672842783,6.7876768490242805,0.016260581136061797,0.013646270161682943,1.205012819082314,1,1.5295879575626035,1,1.283666944637346,1,,,,
rkhs,256,256,10000,10,20260919,7307f256bc6b1961ef3b39a0bfba21b43ce594ba0228cdf794890968dc1af44a,0.05,0.999999999998068,0.999999999996136,0.0899999999998068,0.9473684210487675,10.526315789453346,0.010630693747074874,0.013200164914092991,1.2417030560893665,0.004299217734214959,0.004289354531473003,0.0128157894430211,0.013002581009272556,0.0903706129222044,0.9655145040179314,0.4621198774894902,0.1423079840378875,6.784682606148625,0.016272306039152598,0.01363437144275482,1.2055459171277014,1,1.5306908868134839,1,1.2825476650107086,1,,,,
rkhs,256,256,10000,11,20260919,73b5c057ff7a56787a06db486f9a3b8d7daab4d70cb70b99e86f4d40cad1a50b,0.05,0.999999999998068,0.999999999996136,0.0899999999998068,0.9473684210487675,10.526315789453346,0.010630693747074874,0.013200164914092991,1.2417030560893665,0.0036634566172124485,0.0036887284723277256,0.012811663771981707,0.012998495941149274,0.09024084329887928,0.9658436433740714,0.4622117923596615,0.1421831990615384,6.792951978496728,0.016263027084553558,0.01364305460700514,1.2051578266476677,1,1.5298180411817872,1,1.2833644662898076,1,,,,
rkhs,256,256,10000,12,20260919,306049263bcc08ddc7c582db85b074ce69f42dfd0399ba5cda0cf780900360f6,0.05,0.999999999998068,0.999999999996136,0.0899999999998068,0.9473684210487675,10.526315789453346,0.010630693747074874,0.013200164914092991,1.2417030560893665,0.00532760874436383,0.005313585977671313,0.012816253372088048,0.013003072934113022,0.09032328981821718,0.9662476492991302,0.46278060153975764,0.14229648172598236,6.790383272861342,0.016268923053917472,0.013657577800345048,1.205589557653709,1,1.5303726587358426,1,1.2847306229758566,1,,,,
rkhs,256,256,10000,13,20260919,f261c7526de1f5c55614cc66010b79aa0bb793f79f9d03c8612bd2f902d34052,0.05,0.999999999998068,0.999999999996136,0.0899999999998068,0.9473684210487675,10.526315789453346,0.010630693747074874,0.013200164914092991,1.2417030560893665,0.004391574935945115,0.004396588269821644,0.012822372552679217,0.01300912147317074,0.09055739638928796,0.965512550905554,0.4620297125377867,0.14248987727637005,6.776008017979188,0.016285649983217108,0.01364869804385667,1.2061651720714277,1,1.5319461147771511,1,1.2838953288078896,1,,,,
rkhs,256,256,10000,14,20260919,ac1f1ea1c86398295ac12abb77e5041aa34b32d4ba119989705f694feb24e886,0.05,0.999999999998068,0.999999999996136,0.0899999999998068,0.9473684210487675,10.526315789453346,0.010630693747074874,0.013200164914092991,1.2417030560893665,0.0043770045354031015,0.004424642750843046,0.012805206797809629,0.012992025301183577,0.09014482927827384,0.9645330889265566,0.46149859851129504,0.14204849472728664,6.790167616899609,0.0162561574714795,0.01363974539841243,1.204550436920741,1,1.5291718356530137,1,1.2830531781771553,1,,,,
rkhs,256,256,10000,15,20260919,d4a179fc01016fa808aa45aa07d15f1230f61a32a38421f65c31dfce6b60435d,0.05,0.999999999998068,0.999999999996136,0.0899999999998068,0.9473684210487675,10.526315789453346,0.010630693747074874,0.013200164914092991,1.2417030560893665,0.0037808022912232224,0.0038002603915707287,0.012802928458213077,0.012989783997294927,0.09001294324904212,0.9650597023509031,0.4624501949845445,0.14196822554526925,6.797716169546513,0.016246715320401395,0.013662268259518325,1.2043361198074125,1,1.5282836385792617,1,1.2851718415157631,1,,,,
rkhs,256,256,10000,16,20260919,ea63c4689cebb3fc63c820420caa72e5b2b659a4569009bff191b1c47ccb087b,0.05,0.999999999998068,0.999999999996136,0.0899999999998068,0.9473684210487675,10.526315789453346,0.010630693747074874,0.013200164914092991,1.2417030560893665,0.004468801645612941,0.004482226589572136,0.012798491698120024,0.012985346428584468,0.08999992901847809,0.9643619493225588,0.4608617731483004,0.14186902182271835,6.7975512689982445,0.016245783214321217,0.013660175530267082,1.2039187660392943,1,1.5281959579346722,1,1.284974984254983,1,,,,
rkhs,256,256,10000,17,20260919,86ce3417dc913f6d1ccf25ed793070f773314bdaa032e29fcab633615fe5446a,0.05,0.999999999998068,0.999999999996136,0.0899999999998068,0.9473684210487675,10.526315789453346,0.010630693747074874,0.013200164914092991,1.2417030560893665,0.004637996402061552,0.004640092517708996,0.012826981019553409,0.013013733064258702,0.09057102927252926,0.9662908842231425,0.46365114369730237,0.14259137812780667,6.776643138668891,0.016286623387010094,0.013660840941845035,1.2065986778222129,1,1.532037680183525,1,1.2850375776843286,1,,,,
rkhs,256,256,10000,18,20260919,6189993c9a0e2d0ff9a14e91f8088213d5504846e77f0a3af72399c828eb5193,0.05,0.999999999998068,0.999999999996136,0.0899999999998068,0.9473684210487675,10.526315789453346,0.010630693747074874,0.013200164914092991,1.2417030560893665,0.0044893502626059505,0.004526352540474059,0.012823244784795495,0.013009955065650195,0.0906961305828264,0.9647326442408798,0.460395855228334,0.14253991401188013,6.768157894079221,0.016295552348380683,0.013629840034669797,1.2062472205375985,1,1.5328776029188633,1,1.2821214079673928,1,,,,
rkhs,256,256,10000,19,20260919,fa3c7ff6b95568431a4066add2ba26ea553d1b98c4442c43a7fa2d42d7b33ec8,0.05,0.999999999998068,0.999999999996136,0.0899999999998068,0.9473684210487675,10.526315789453346,0.010630693747074874,0.013200164914092991,1.2417030560893665,0.003746337921426917,0.00374103353573,0.012800867957218303,0.012987695413909876,0.09011698416347771,0.9640812496829323,0.4600840076311423,0.14194382039832076,6.791991697683922,0.016254164524380388,0.01365096201235394,1.2041422941697075,1,1.5289843646236971,1,1.2841082940715998,1,,,,
rkhs,256,256,10000,20,20260919,cf93f6acbfeea18b7ab650e7651c0f9e680a4b373600ad8cb62204792d3866d5,0.05,0.999999999998068,0.999999999996136,0.0899999999998068,0.9473684210487675,10.526315789453346,0.010630693747074874,0.013200164914092991,1.2417030560893665,0.0038301046691892595,0.0038381684927883365,0.012819750246412973,0.013006510338179355,0.09051679607710968,0.9653758855473845,0.46152638012809594,0.14242196922056427,6.7782792979946676,0.016282750639380294,0.013652259928093814,1.2059184989634788,1,1.5316733815100854,1,1.2842303854205517,1,,,,
rkhs,256,256,10000,21,20260919,1f6162799d3bb3017294a94007167f6299561e080c38d8d7191039eb1245b470,0.05,0.999999999998068,0.999999999996136,0.0899999999998068,0.9473684210487675,10.526315789453346,0.010630693747074874,0.013200164914092991,1.2417030560893665,0.0031716850841975565,0.0031617224553180216,0.012820780882168958,0.013007552514798572,0.09050484571066435,0.9658063121023232,0.4620079547092072,0.1424361464584893,6.780626520135406,0.016281897117619588,0.013624453760469609,1.2060154480225436,1,1.5315930930753876,1,1.2816147360296681,1,,,,
rkhs,256,256,10000,22,20260919,34970cca339e7db419628ebb9eaed0512b6e849196de6ac61eaf0ac36fabce5f,0.05,0.999999999998068,0.999999999996136,0.0899999999998068,0.9473684210487675,10.526315789453346,0.010630693747074874,0.013200164914092991,1.2417030560893665,0.00410646548592551,0.004119255386359762,0.012820721518268359,0.013007475561313495,0.09043315899987985,0.965381335780702,0.4635608716198173,0.14244861990851548,6.777049411926188,0.016276775909929566,0.01362203512547232,1.2060098638243708,1,1.53111135521219,1,1.2813872217154725,1,,,,
rkhs,256,256,10000,23,20260919,2f1f1c7fc63d4fa63695a41674c130d371f3b6e40bd85c6c3855cf69056d3a5e,0.05,0.999999999998068,0.999999999996136,0.0899999999998068,0.9473684210487675,10.526315789453346,0.010630693747074874,0.013200164914092991,1.2417030560893665,0.004015969158873491,0.004038434919417923,0.012806808147725272,0.012993591754236674,0.09023595267663548,0.9639538038062163,0.46098767186633116,0.1421118822962747,6.78306267027388,0.01626267725857509,0.013632733156965691,1.204701071484556,1,1.5297851340181732,1,1.2823935559912873,1,,,,
rkhs,256,256,10000,24,20260919,19423487b6537b00f1df4bf60fbfecb9514a5844b2dd9c001b69bbed5fb9cc2b,0.05,0.999999999998068,0.999999999996136,0.0899999999998068,0.9473684210487675,10.526315789453346,0.010630693747074874,0.013200164914092991,1.2417030560893665,0.0038110303200983714,0.00382911843139105,0.012789417377833782,0.012976268493046368,0.08981641508245279,0.9628894400148417,0.46053507409315464,0.14166776243459214,6.796814063181147,0.016232632384746593,0.0136441929469958,1.2030651697922254,1,1.5269588957177078,1,1.2834715467887612,1,,,,
rkhs,256,256,10000,25,20260919,24de984fb6f6cdcfa7b8afa5097030e66ded50224804d6df1ff77145458c5a74,0.05,0.999999999998068,0.999999999996136,0.0899999999998068,0.9473684210487675,10.526315789453346,0.010630693747074874,0.013200164914092991,1.2417030560893665,0.004996473190757128,0.00496508914069983,0.012800604574964715,0.012987414983508723,0.0901025585485375,0.9636385998990553,0.4604858143469164,0.14195122969200005,6.7885188595401305,0.016253131924622296,0.01361886504920942,1.2041175185285449,1,1.5288872308163786,1,1.2810890213968178,1,,,,
rkhs,256,256,10000,26,20260919,e5ccb74cb1e74c0c0599cb96bc148cbc5974373f0c2f21ec1b60dae316bce39a,0.05,0.999999999998068,0.999999999996136,0.0899999999998068,0.9473684210487675,10.526315789453346,0.010630693747074874,0.013200164914092991,1.2417030560893665,0.0037762534492637202,0.003744433392561797,0.012809544257163357,0.01299634939803417,0.0902311040495058,0.9648805140999926,0.461901609904334,0.1421566362814588,6.787446153337549,0.016262330427146827,0.013620743136890939,1.2049584497425685,1,1.5297525085436259,1,1.28126568791795,1,,,,
rkhs,256,256,10000,27,20260919,8d0cd82368dab44e92886fd27a36ae2c3164cd4c742f17dcd30eff8f2733ad36,0.05,0.999999999998068,0.999999999996136,0.0899999999998068,0.9473684210487675,10.526315789453346,0.010630693747074874,0.013200164914092991,1.2417030560893665,0.003973315604705705,0.0039690484748076595,0.012820445741160187,0.01300718249029612,0.09053261684580778,0.9649304829144584,0.46186167948049994,0.1424559829397942,6.773534273546549,0.016283880507216797,0.013641113892206532,1.2059839222334705,1,1.5317796650568967,1,1.2831819086087397,1,,,,
rkhs,256,256,10000,28,20260919,ed690d6a15211b6738f5a7e5147de66a2a88d39eed65ee64539a6cbf02fd036a,0.05,0.999999999998068,0.999999999996136,0.0899999999998068,0.9473684210487675,10.526315789453346,0.010630693747074874,0.013200164914092991,1.2417030560893665,0.0038928363315178655,0.00406832678248104,0.012819385431721576,0.01300617528657638,0.09044032858907707,0.9660239389052602,0.46235372367883437,0.1423903804736542,6.784334276598122,0.016277288187617513,0.013637039077453537,1.2058841818530366,1,1.5311595437594416,1,1.2827986020391082,1,,,,
rkhs,256,256,10000,29,20260919,92858523e926dd376338e36faf684a3fde001d68d341fa21d3fed7c1c51a6194,0.05,0.999999999998068,0.999999999996136,0.0899999999998068,0.9473684210487675,10.526315789453346,0.010630693747074874,0.013200164914092991,1.2417030560893665,0.0050694037498210855,0.0050220847157079074,0.01280597208421423,0.012992769305340423,0.09020144101476335,0.9641474731440227,0.46108012152500694,0.1420823904345868,6.785833699693459,0.016260208371495367,0.013677362440018718,1.2046224252991864,1,1.5295528926293736,1,1.2865917093869965,1,,,,
rkhs,256,256,10000,30,20260919,6e42e823819166b60d8dfa14d653cb55e20d0054f66c6e7241dbb8322e2ac94b,0.05,0.999999999998068,0.999999999996136,0.0899999999998068,0.9473684210487675,10.526315789453346,0.010630693747074874,0.013200164914092991,1.2417030560893665,0.004133358189617435,0.004138159340085868,0.012837577798693512,0.013024236860702466,0.09097680486067734,0.9657105202318107,0.46192873090189485,0.14290380829390673,6.75776616285591,0.016315562770564743,0.013641677443555168,1.2075954875688033,1,1.5347599280671695,1,1.28323492032764,1,,,,
rkhs,256,256,10000,31,20260919,bc5de4673e6a1361de6bc96e9496a9ba6f4995565391d06ef44845cf7374c478,0.05,0.999999999998068,0.999999999996136,0.0899999999998068,0.9473684210487675,10.526315789453346,0.010630693747074874,0.013200164914092991,1.2417030560893665,0.004858987307820766,0.004820246048934361,0.012809131622484975,0.01299596567791266,0.09017596721164221,0.9655008440096893,0.4623292540723447,0.1421246923339947,6.793336387604985,0.01625838572962564,0.013627517729522432,1.204919634338024,1,1.5293814417426215,1,1.2819029551361274,1,,,,
rkhs,256,256,10000,32,20260919,57b88228cc322603598d1da518d4c25ff3a9a994435ccd5c01d519c25258f7c0,0.05,0.999999999998068,0.999999999996136,0.0899999999998068,0.9473684210487675,10.526315789453346,0.010630693747074874,0.013200164914092991,1.2417030560893665,0.004376357904597634,0.004357957001025612,0.012798468984813405,0.01298528945153419,0.08998839739625301,0.9635496308064261,0.46155827076840544,0.14189530117285853,6.790567572301908,0.01624495723939815,0.013663864669716514,1.2039166294612722,1,1.5281182607549098,1,1.2853220114140005,1,,,,
rkhs,256,256,10000,33,20260919,e8f265e7dd0572f1b0a53cb2c8e08a41f2c87d4e4459741be443e88efcbf36f2,0.05,0.999999999998068,0.999999999996136,0.0899999999998068,0.9473684210487675,10.526315789453346,0.010630693747074874,0.013200164914092991,1.2417030560893665,0.0041363335608433395,0.004117998417554375,0.012832192281527127,0.013018860285024731,0.09084769096216853,0.9650997511386586,0.46193665374439213,0.1427751241684878,6.759579140689466,0.016306361549801834,0.013645860797733148,1.2070888868431577,1,1.5338943946427455,1,1.2836284369012063,1,,,,
rkhs,256,256,10000,34,20260919,481a3489c1b1a038abf23faf453265b21e4074c5d0a8a9b4a1f64788cb6a0ac6,0.05,0.999999999998068,0.999999999996136,0.0899999999998068,0.9473684210487675,10.526315789453346,0.010630693747074874,0.013200164914092991,1.2417030560893665,0.003357998511122881,0.0033777469549190657,0.012803040658390885,0.012989840268128468,0.09016564809288936,0.9637559544761922,0.4604894557381902,0.14201451707261806,6.786319978706,0.01625764732695678,0.013642313144700428,1.2043466741682547,1,1.5293119822429473,1,1.2832947189786392,1,,,,
rkhs,256,256,10000,35,20260919,45eb966e450014bda0c6c2e1017e1be9a96b8076121375c770ade82028366e9a,0.05,0.999999999998068,0.999999999996136,0.0899999999998068,0.9473684210487675,10.526315789453346,0.010630693747074874,0.013200164914092991,1.2417030560893665,0.005664582296931376,0.005680958807772771,0.012833951229850298,0.013020576122466909,0.09099280058653315,0.9643498135087724,0.46062090136345035,0.14284881046457815,6.750842449247414,0.016316702241234625,0.01371936890028782,1.2072543462538998,1,1.5348671149259947,1,1.2905431410873651,1,,,,
rkhs,256,256,10000,36,20260919,978a3837c3ea1c975d5dd2b0cac3dfb778929decc01e8cb2b2b6e233af939cf5,0.05,0.999999999998068,0.999999999996136,0.0899999999998068,0.9473684210487675,10.526315789453346,0.010630693747074874,0.013200164914092991,1.2417030560893665,0.0038247522230569903,0.0037999581116762936,0.01279183084561006,0.012978704178019915,0.08985482358278328,0.9637825199077865,0.4605076191774088,0.14170467936788056,6.801345758002131,0.016235385894991808,0.013649188202291898,1.2032921980402118,1,1.527217910821588,1,1.2839414366581285,1,,,,
rkhs,256,256,10000,37,20260919,a3d566eb66acf3596b075d311dafaabd93a608f5bfab0ac776f4b757f21bd53b,0.05,0.999999999998068,0.999999999996136,0.0899999999998068,0.9473684210487675,10.526315789453346,0.010630693747074874,0.013200164914092991,1.2417030560893665,0.0037023389255511625,0.003692725455062032,0.01281414411018745,0.013000901067918812,0.09039850289065543,0.9644452491412991,0.4614227298167508,0.1422980507523802,6.777642027012567,0.01627429939361278,0.01364382422746554,1.2053911452122654,1,1.5308783961621313,1,1.2834368623609116,1,,,,
rkhs,256,256,10000,38,20260919,3168da881a149153c90d8438384c0e28864906f4b8437d48b978d612cea20f96,0.05,0.999999999998068,0.999999999996136,0.0899999999998068,0.9473684210487675,10.526315789453346,0.010630693747074874,0.013200164914092991,1.2417030560893665,0.003754984215062994,0.0037560251535659994,0.012800576974456244,0.01298743624969308,0.09004390473174517,0.9647882566527293,0.4608505229222329,0.1419123865572393,6.798478131883076,0.01624893257495296,0.013659230846662812,1.2041149222249425,1,1.5284922095911184,1,1.2848861204774398,1,,,,
rkhs,256,256,10000,39,20260919,fc87f707e65a38da1720a90a3aaafd44ae5a58ffb86057c46723eca5587400cc,0.05,0.999999999998068,0.999999999996136,0.0899999999998068,0.9473684210487675,10.526315789453346,0.010630693747074874,0.013200164914092991,1.2417030560893665,0.004167754562752786,0.004151918004078735,0.01281783418393508,0.013004586400477329,0.09054733569979155,0.9648969781475161,0.4602823499477745,0.14238495140841065,6.776678073091086,0.01628493159124343,0.013637939929715983,1.2057382602581337,1,1.5318785376283057,1,1.2828833427233832,1,,,,
rkhs,256,256,10000,40,20260919,746c3a963e4780c8feef78c829ed70f2642c806418d44967c6c41249bc244f11,0.05,0.999999999998068,0.999999999996136,0.0899999999998068,0.9473684210487675,10.526315789453346,0.010630693747074874,0.013200164914092991,1.2417030560893665,0.004481006180516837,0.00436439227762456,0.012824966553380907,0.013011707554436144,0.09064191221814874,0.9657217239461366,0.46166507298447995,0.14255461147487256,6.774398344288988,0.016291683331879147,0.01364608414878883,1.2064091825530958,1,1.5325136552223548,1,1.2836494469181436,1,,,,
rkhs,256,256,10000,41,20260919,f0ec944f32c69cac4192301ab91ee3d0f9f2ed1548cba9123813f12452f404d8,0.05,0.999999999998068,0.999999999996136,0.0899999999998068,0.9473684210487675,10.526315789453346,0.010630693747074874,0.013200164914092991,1.2417030560893665,0.004534107067702575,0.004497494317590051,0.01279850324136611,0.012985342301371485,0.0899999746129964,0.963993700683854,0.46109133546756237,0.14188153288944091,6.794356397566073,0.01624578648001245,0.013663481894996938,1.2039198518805725,1,1.5281962651292271,1,1.2852860048533108,1,,,,
rkhs,256,256,10000,42,20260919,8dce4b39fe916243c7a1ac688eee4932c1a4e3df1a1dbfe37baa8d3daa0a391c,0.05,0.999999999998068,0.999999999996136,0.0899999999998068,0.9473684210487675,10.526315789453346,0.010630693747074874,0.013200164914092991,1.2417030560893665,0.003612013068728278,0.003655285030042742,0.01280389800069599,0.012990697317140084,0.09019719043232184,0.9638800210424744,0.4602684108856868,0.1420340486591001,6.786260267465232,0.016259904261671648,0.013668076526364438,1.2044273219910122,1,1.5295242858581735,1,1.2857182091361934,1,,,,
rkhs,256,256,10000,43,20260919,e875dba0f8647e4cd28a4d4c32c1e089ebda9d9560188c43fca747b2633b2048,0.05,0.999999999998068,0.999999999996136,0.0899999999998068,0.9473684210487675,10.526315789453346,0.010630693747074874,0.013200164914092991,1.2417030560893665,0.0038125614150273713,0.003866949294548276,0.01280684358565261,0.012993689686287327,0.09018353386450657,0.9654355856508389,0.461066454183741,0.14206374121137536,6.795791645486627,0.01625892714791528,0.013627380050422128,1.2047044050325053,1,1.529432371465791,1,1.281890004043416,1,,,,
rkhs,256,256,10000,44,20260919,ea384ce8fb3dc51ea84b4f2d20c4ed155cc0c69e2440fbae303f91a2ddf6898b,0.05,0.999999999998068,0.999999999996136,0.0899999999998068,0.9473684210487675,10.526315789453346,0.010630693747074874,0.013200164914092991,1.2417030560893665,0.003850547018117431,0.0038616091330515466,0.012809117640343242,0.012995862379449474,0.0903236065382057,0.9633893012706644,0.4608924458545651,0.1421943650819011,6.7751580782808905,0.01626894569821464,0.01365564266477923,1.2049183190765682,1,1.530374788822336,1,1.2845485901178084,1,,,,
rkhs,256,256,10000,45,20260919,188fda743b30f28cfd36757b26a62d48ee621b929500e92fee710929c03c919a,0.05,0.999999999998068,0.999999999996136,0.0899999999998068,0.9473684210487675,10.526315789453346,0.010630693747074874,0.013200164914092991,1.2417030560893665,0.004327312289162267,0.004336250925460304,0.012800131960631973,0.012986913211479026,0.0901302914589185,0.962878635924795,0.4601995371349577,0.14196340675364086,6.782583328644306,0.016255117000442007,0.013635584269990255,1.2040730610035717,1,1.5290739614161815,1,1.2826617523190527,1,,,,
rkhs,256,256,10000,46,20260919,6f840bf84eb4e6a3cc9c0667ebece6d6b60f7d47662f489bd5631fbb87ce52b5,0.05,0.999999999998068,0.999999999996136,0.0899999999998068,0.9473684210487675,10.526315789453346,0.010630693747074874,0.013200164914092991,1.2417030560893665,0.005388583479465149,0.005358967393431292,0.012812090638566302,0.012998873616962614,0.09033460787296142,0.9647461173949085,0.46137140562146767,0.14223137004792633,6.782934855157673,0.016269732227953766,0.013666494310013494,1.2051979808083229,1,1.5304487755025884,1,1.285569374413965,1,,,,
rkhs,256,256,10000,47,20260919,c13d17ac15bcae95a6c987b112c3fde3cfe78f0be303023af52e90223e602332,0.05,0.999999999998068,0.999999999996136,0.0899999999998068,0.9473684210487675,10.526315789453346,0.010630693747074874,0.013200164914092991,1.2417030560893665,0.003880103202491567,0.0038646475394657253,0.012793458502481859,0.012980312674898915,0.08992795053139756,0.9635791971280305,0.46011079836143215,0.14175624291990518,6.797437469279361,0.016240626748819226,0.013630046574608003,1.2034453072267355,1,1.527710903466481,1,1.2821408366089397,1,,,,
rkhs,256,256,10000,48,20260919,06e5fb512eb2aca08439ac041d8e3f89eec7309712bb918dcbd9672f5c1e2f77,0.05,0.999999999998068,0.999999999996136,0.0899999999998068,0.9473684210487675,10.526315789453346,0.010630693747074874,0.013200164914092991,1.2417030560893665,0.004134121990978649,0.004105537022295075,0.012809131653940122,0.012995926675133128,0.09027763906171045,0.9645783717422903,0.46101903746894257,0.14215527181660573,6.785385863049042,0.01626565877983119,0.013625038637950504,1.2049196372969229,1,1.530065597488106,1,1.2816697538389297,1,,,,
rkhs,256,256,10000,49,20260919,e653c6a80fc01c4fd8ebb86ff783f267ec823578b56277987b2b2c57f819f823,0.05,0.999999999998068,0.999999999996136,0.0899999999998068,0.9473684210487675,10.526315789453346,0.010630693747074874,0.013200164914092991,1.2417030560893665,0.004295583928497618,0.004263831042102742,0.012801187183619821,0.012988021178980102,0.09009385925302556,0.9642844409495841,0.46054765075500304,0.14194588985354326,6.79332414587356,0.016252509180507045,0.013631465567647785,1.2041723229156307,1,1.5288286509974065,1,1.282274317365092,1,,,,
rkhs,256,256,10000,50,20260919,39f57899d3bdd23cf8aa1e829ca11748515555f218b1920d3728fda126de18d6,0.05,0.999999999998068,0.999999999996136,0.0899999999998068,0.9473684210487675,10.526315789453346,0.010630693747074874,0.013200164914092991,1.2417030560893665,0.004944617931545348,0.004953792149085575,0.012791421344499196,0.012978298797491898,0.08987581220972136,0.9638171570407722,0.45989281485323086,0.14169225533306254,6.802186575231079,0.016236890323652487,0.013642228254293653,1.203253677401709,1,1.5273594282706342,1,1.2832867335725318,1,,,,
rkhs,256,256,10000,51,20260919,b605b1d4835fd83ba59d6ec075bc9c5cfe2554e9a37f242e3c6784179dbbe1ac,0.05,0.999999999998068,0.999999999996136,0.0899999999998068,0.9473684210487675,10.526315789453346,0.010630693747074874,0.013200164914092991,1.2417030560893665,0.004081137954902676,0.004093471539241668,0.012777758788637756,0.012964677857782134,0.08947392891058008,0.9627095516520245,0.4610425344858051,0.1413528375028235,6.810684303615728,0.016208053429777484,0.013627860910471828,1.2019684785062748,1,1.524646821308089,1,1.2819352372202097,1,,,,
rkhs,256,256,10000,52,20260919,c9ac8c644baf22f1c1fa96cba458634d581dacff6bfd1b2f1322429dc4a083c7,0.05,0.999999999998068,0.999999999996136,0.0899999999998068,0.9473684210487675,10.526315789453346,0.010630693747074874,0.013200164914092991,1.2417030560893665,0.004076146693354918,0.0041138644854956125,0.012806933595738467,0.012993691690769778,0.09029857225967476,0.9633709535119772,0.4602548835470688,0.14213469536767945,6.777873277315525,0.016267155718260512,0.01363957485990527,1.204712872032684,1,1.5302064103517758,1,1.283037136090795,1,,,,
rkhs,256,256,10000,53,20260919,dad7c46968641dbb4c3735d98b0a9ba2b927eb5284bb1998cc34d65a5c637946,0.05,0.999999999998068,0.999999999996136,0.0899999999998068,0.9473684210487675,10.526315789453346,0.010630693747074874,0.013200164914092991,1.2417030560893665,0.00489625883959352,0.004890639223968613,0.012787441769525254,0.012974380088498374,0.08963501417115653,0.9646455484546412,0.46180536556711393,0.14155532519962602,6.814618574711097,0.016219619766651268,0.013632952139876257,1.2028793297750513,1,1.5257348346728767,1,1.282414155108878,1,,,,
rkhs,256,256,10000,54,20260919,6d2387034fbc651b9c5aefc0c8aace3e6afa6d52f40f1a526055f2e94b1225cd,0.05,0.999999999998068,0.999999999996136,0.0899999999998068,0.9473684210487675,10.526315789453346,0.010630693747074874,0.013200164914092991,1.2417030560893665,0.004630137684485813,0.004647174935691065,0.012821387429778465,0.013008139236613975,0.09053363527142565,0.9654302385373994,0.4620163798240804,0.14246539299870067,6.776594780082517,0.016283953236479333,0.013650742024252172,1.2060725042809533,1,1.5317865064977534,1,1.284087600398449,1,,,,
rkhs,256,256,10000,55,20260919,a16d97daadbdb8aa5574c63e20fcbfb7751a481620b3c80b49956b020374d336,0.05,0.999999999998068,0.999999999996136,0.0899999999998068,0.9473684210487675,10.526315789453346,0.010630693747074874,0.013200164914092991,1.2417030560893665,0.004529936966246265,0.0045351461510098785,0.01282571942330546,0.013012414783092235,0.09074050015402389,0.964757991623077,0.4608228760313113,0.14260748049687375,6.765128927750928,0.01629871769572376,0.013651216658516306,1.206480002947556,1,1.5331753584010912,1,1.2841322479327895,1,,,,
rkhs,256,256,10000,56,20260919,3aa41e8b16218747fe70aa7181f83ad139c920118583df9edbd441ad25f9feff,0.05,0.999999999998068,0.999999999996136,0.0899999999998068,0.9473684210487675,10.526315789453346,0.010630693747074874,0.013200164914092991,1.2417030560893665,0.0038272184898017238,0.003858639754169848,0.01280492339492251,0.012991706055408746,0.09021969545904776,0.9636435756142753,0.460519166432055,0.14207017858729018,6.782870164565868,0.01626151431242901,0.013634797896474241,1.2045237779938769,1,1.5296757388861386,1,1.282587780334277,1,,,,
rkhs,256,256,10000,57,20260919,719f056d1e372bcb31faed86d48bc986afb63c24e2bb10b7925a485ae688cca4,0.05,0.999999999998068,0.999999999996136,0.0899999999998068,0.9473684210487675,10.526315789453346,0.010630693747074874,0.013200164914092991,1.2417030560893665,0.004798529860784698,0.004794135870560812,0.01278821777682918,0.01297504417610239,0.0898676600678698,0.9621236181473345,0.45945117558196696,0.1416600877140297,6.7917762417991785,0.01623630601301957,0.013654272917138608,1.2029523266388862,1,1.5273044637831965,1,1.284419741740345,1,,,,
rkhs,256,256,10000,58,20260919,2e32eeb5ed46e112329f23bbce49319d821dd202f7440a077175fd7cebe2cd0b,0.05,0.999999999998068,0.999999999996136,0.0899999999998068,0.9473684210487675,10.526315789453346,0.010630693747074874,0.013200164914092991,1.2417030560893665,0.004606433333738859,0.004604399351579421,0.012798739161478069,0.012985563346691766,0.09003545391171365,0.963678664834308,0.46074993725657215,0.14189847278630294,6.791325134877203,0.016248327421507357,0.013651576946902602,1.2039420442339195,1,1.5284352844778566,1,1.284166139266212,1,,,,
rkhs,256,256,10000,59,20260919,439e8f8d434ad403c768c49d62ec721114f11d62f9e1a88503f92ff1a7d23ed0,0.05,0.999999999998068,0.999999999996136,0.0899999999998068,0.9473684210487675,10.526315789453346,0.010630693747074874,0.013200164914092991,1.2417030560893665,0.004618731725694795,0.0046423201209521755,0.012789286011715926,0.012976145477421588,0.08979920733560129,0.9630662931330264,0.460677478352922,0.1416582904943203,6.7985169789384114,0.016231398568229277,0.013648382176390458,1.2030528125443372,1,1.5268428340055873,1,1.2838656160277335,1,,,,
rkhs,256,256,10000,60,20260919,b31299576ddabd809b32b94d4956a413288b4425c3783960710bfdc85bacab7a,0.05,0.999999999998068,0.999999999996136,0.0899999999998068,0.9473684210487675,10.526315789453346,0.010630693747074874,0.013200164914092991,1.2417030560893665,0.004282872495771972,0.004209617575949354,0.01282246648501994,0.013009224897948632,0.09050916724271799,0.9657513611405465,0.46282082895704896,0.14248453923176532,6.777937917668776,0.016282205777558012,0.013627535340931762,1.206174008027289,1,1.5316221278633109,1,1.2819046117927622,1,,,,
rkhs,256,256,10000,61,20260919,bbaa0ed67c1b8ca46f49a4d8dec890de05dc357c22795175ada162fbd87f0372,0.05,0.999999999998068,0.999999999996136,0.0899999999998068,0.9473684210487675,10.526315789453346,0.010630693747074874,0.013200164914092991,1.2417030560893665,0.004778581474471275,0.004805026093191106,0.012826252755334189,0.013012917103865583,0.09077241902652118,0.96410707882119,0.46090593140448166,0.1426439099110253,6.75883800032231,0.016300994325426706,0.013661738890399134,1.206530172018495,1,1.5333895146694507,1,1.2851220452247791,1,,,,
rkhs,256,256,10000,62,20260919,f917d81fdb763e9b71a525e8d212681f3e0e0b519156ab3baeacaee1a8ee609b,0.05,0.999999999998068,0.999999999996136,0.0899999999998068,0.9473684210487675,10.526315789453346,0.010630693747074874,0.013200164914092991,1.2417030560893665,0.0053060524051113354,0.005308646638885049,0.012812828320023362,0.012999590792062716,0.09036042803017542,0.9643744769674855,0.4614982057339758,0.14226407216303436,6.778763339926852,0.016271578026915548,0.013674612996193202,1.205267372465595,1,1.530622404713033,1,1.2863330767999865,1,,,,
rkhs,256,256,10000,63,20260919,72bdfd9e943a1a4f49a3289ab993321fbe641cdd49a2df9e94ab9a63e7e500a2,0.05,0.999999999998068,0.999999999996136,0.0899999999998068,0.9473684210487675,10.526315789453346,0.010630693747074874,0.013200164914092991,1.2417030560893665,0.004052035748820962,0.004041988472551619,0.01281611541393782,0.013002884306275398,0.09038669521199054,0.9650283824656257,0.46228680678421497,0.1423331187241251,6.780069116142088,0.016273455511627247,0.013639921471080393,1.205576580311542,1,1.5307990145144597,1,1.2830697408467375,1,,,,
rkhs,256,256,10000,64,20260919,a14a2c61a14a87a3fa089f85e0e04800fa8a0063ea247d98ddbb66a430c07bdb,0.05,0.999999999998068,0.999999999996136,0.0899999999998068,0.9473684210487675,10.526315789453346,0.010630693747074874,0.013200164914092991,1.2417030560893665,0.005380587278823727,0.005367842697857785,0.012819741075536932,0.013006483090745643,0.09053372435860381,0.9649472651375389,0.46147218717887284,0.14243595643574344,6.774604455812755,0.016283959598480485,0.013667572424239053,1.2059176362844986,1,1.5317871049536305,1,1.2856707896415323,1,,,,
rkhs,256,256,10000,65,20260919,5c3095958727276b44fd186fdfaf965a80adc438fa6c5a98cd371bcf595091cd,0.05,0.999999999998068,0.999999999996136,0.0899999999998068,0.9473684210487675,10.526315789453346,0.010630693747074874,0.013200164914092991,1.2417030560893665,0.003942542453565867,0.0038887766742223963,0.012781224800276794,0.012968160671970545,0.08955235856844777,0.9636361288677077,0.460790524218236,0.14141758185054387,6.814118274813378,0.016213686180771895,0.01364633033199906,1.2022945166484225,1,1.5251766786371048,1,1.2836726046927995,1,,,,
rkhs,256,256,10000,66,20260919,9bf2de080f6c596f82e332c9cf13babd15aced153d116ff1d291bbe742fa4e22,0.05,0.999999999998068,0.999999999996136,0.0899999999998068,0.9473684210487675,10.526315789453346,0.010630693747074874,0.013200164914092991,1.2417030560893665,0.004452006847452825,0.004421839125234403,0.012805493421994555,0.012992295345549972,0.09019255322799209,0.964185355033745,0.4609774830021307,0.1420679295853487,6.786791064302104,0.016259572482638776,0.013636042163930188,1.204577398866193,1,1.5294930763208878,1,1.2827048251373303,1,,,,
rkhs,256,256,10000,67,20260919,4a88aa2f63f543fd4b9e1cb974f632302b187690d94f22f64f82f1fc2e7112da,0.05,0.999999999998068,0.999999999996136,0.0899999999998068,0.9473684210487675,10.526315789453346,0.010630693747074874,0.013200164914092991,1.2417030560893665,0.004699765563575353,0.004714539920950322,0.01280517604693595,0.012991940807176484,0.09031475994008863,0.9632598467211672,0.4591331749562885,0.14208988818771326,6.779228691126958,0.01626831318453162,0.0136480462754847,1.2045475442709845,1,1.5303152900071064,1,1.2838340187572497,1,,,,
rkhs,256,256,10000,68,20260919,e76493d3cbbd08ce863438b9e7cd90c3138705a4f51b893b38b43413a68c569a,0.05,0.999999999998068,0.999999999996136,0.0899999999998068,0.9473684210487675,10.526315789453346,0.010630693747074874,0.013200164914092991,1.2417030560893665,0.004288087000472187,0.004260882665975971,0.012801777868561678,0.012988581145451705,0.09011996358372991,0.9636495685093883,0.4607543007342833,0.14198321945738684,6.787066613872681,0.016254377783925383,0.013651993983898152,1.2042278870167054,1,1.5290044253600958,1,1.2842053687845738,1,,,,
rkhs,256,256,10000,69,20260919,4ec61d0690555fdd91e32db5e1d544eacdb92ec11b6a744da80eaccd975f6b3d,0.05,0.999999999998068,0.999999999996136,0.0899999999998068,0.9473684210487675,10.526315789453346,0.010630693747074874,0.013200164914092991,1.2417030560893665,0.003600670520215182,0.003585209453889243,0.012795688954252234,0.01298255228749254,0.08990642699787758,0.9641364702340576,0.4612988424765874,0.14179925045035408,6.799305829699117,0.016239084424031047,0.01363039433398503,1.2036551196645164,1,1.5275658212333856,1,1.282173549373064,1,,,,
rkhs,256,256,10000,70,20260919,8daf8757e901fb81eb5c0beed1cdfd43a0d185499884405fdc94f55fa0f2c624,0.05,0.999999999998068,0.999999999996136,0.0899999999998068,0.9473684210487675,10.526315789453346,0.010630693747074874,0.013200164914092991,1.2417030560893665,0.004947240889510585,0.004952327726367207,0.012852225129900932,0.013038865251489623,0.09126218726767991,0.9674992510507031,0.46304809982560996,0.14324987417585186,6.7539274056395495,0.016335877231488487,0.01364635658039733,1.2089733215611946,1,1.5366708532999966,1,1.2836750738071294,1,,,,
rkhs,256,256,10000,71,20260919,ddc1035e9acc10c8368f46f32aee5de3ee0e214838d5857fa183cab73bdfc29d,0.05,0.999999999998068,0.999999999996136,0.0899999999998068,0.9473684210487675,10.526315789453346,0.010630693747074874,0.013200164914092991,1.2417030560893665,0.004019208494629552,0.004060486257015517,0.01280835930130851,0.012995135466706857,0.09034232314108338,0.9640151071757946,0.4597803121867756,0.14215264968509875,6.781548633186317,0.016270283794980564,0.013661947553625852,1.2048469842180185,1,1.530500659889433,1,1.2851416735982122,1,,,,
rkhs,256,256,10000,72,20260919,393fa000d88856b88d8b79222b27e6f485f0e3c00d0cec5d7692d1e7e909fd00,0.05,0.999999999998068,0.999999999996136,0.0899999999998068,0.9473684210487675,10.526315789453346,0.010630693747074874,0.013200164914092991,1.2417030560893665,0.00486668429829475,0.004851764289322897,0.012826999625741683,0.013013709687859086,0.0906937708576989,0.9653008838135498,0.4620030895889933,0.1426248077188016,6.7681134807678935,0.016295383982731376,0.01364806219321723,1.2066004280549556,1,1.53286176522724,1,1.2838355160943857,1,,,,
rkhs,256,256,10000,73,20260919,088b637a7e383ee4d7bb8e140e34db933795f1e85721b9a431bbddbd86979c59,0.05,0.999999999998068,0.999999999996136,0.0899999999998068,0.9473684210487675,10.526315789453346,0.010630693747074874,0.013200164914092991,1.2417030560893665,0.00407127222019206,0.004039931777183323,0.01279654073641872,0.012983372470243719,0.08998827625244911,0.9635208271173753,0.46059918640441694,0.14184310651665583,6.792863261241635,0.01624494856195613,0.013632923682185312,1.2037352444603906,1,1.5281174444919048,1,1.2824114781724878,1,,,,
rkhs,256,256,10000,74,20260919,f2bd26b3ffc8e4b38fb8bd1282cca4ab4e7b78e95af56fe4da71ad3452ebb0f9,0.05,0.999999999998068,0.999999999996136,0.0899999999998068,0.9473684210487675,10.526315789453346,0.010630693747074874,0.013200164914092991,1.2417030560893665,0.004032765762044697,0.004092400452301408,0.012805164132004674,0.012992000371804674,0.09013846717133724,0.9649455962566207,0.4613423126983142,0.14203365022164396,6.793781577469987,0.016255702146114638,0.013624886645695906,1.204546423466307,1,1.5291290044534989,1,1.2816554563473253,1,,,,
rkhs,256,256,10000,75,20260919,a4004415a0260726eddb5805ae4853df5c92ff6a1d4f9d49bd570d20fef0ccfd,0.05,0.999999999998068,0.999999999996136,0.0899999999998068,0.9473684210487675,10.526315789453346,0.010630693747074874,0.013200164914092991,1.2417030560893665,0.004678581925460921,0.004689978235728705,0.012809524219047188,0.012996308345707067,0.09027307670199039,0.9643810546604629,0.46142322886652587,0.1421726516495235,6.783168517091487,0.01626533250126741,0.013637982199774874,1.2049565648123235,1,1.5300349053647562,1,1.2828873189510779,1,,,,
rkhs,256,256,10000,76,20260919,f1e52612e2cec53b0853a5e3dca3b446381efdb5aa375a22130f60a4e2937239,0.05,0.999999999998068,0.999999999996136,0.0899999999998068,0.9473684210487675,10.526315789453346,0.010630693747074874,0.013200164914092991,1.2417030560893665,0.0036383418071104516,0.0036664792480350034,0.012810128896580352,0.012996962660540786,0.09023241524972732,0.9656465237736398,0.4617068219606193,0.14214737977683753,6.7932769868121685,0.016262424220686827,0.013652656320759654,1.2050134451578165,1,1.5297613314428864,1,1.284267672983835,1,,,,
rkhs,256,256,10000,77,20260919,d8c90e1a2d49d5a7cc2474f2726faa30aea161e408f4d879ff76595b0f498368,0.05,0.999999999998068,0.999999999996136,0.0899999999998068,0.9473684210487675,10.526315789453346,0.010630693747074874,0.013200164914092991,1.2417030560893665,0.004579886457744823,0.004602436314201484,0.012801361755987077,0.012988182942699473,0.09006195021153361,0.96400870290957,0.4613921663764367,0.14195983922185673,6.790714248436167,0.016250224695829082,0.013625534441431624,1.204188744456069,1,1.5286137558332418,1,1.2817163927030448,1,,,,
rkhs,256,256,10000,78,20260919,0edfbbaee3fe18cf2470adc3a369c5dfa2dfcbf3d0b8edfc48b8c5597f6a7476,0.05,0.999999999998068,0.999999999996136,0.0899999999998068,0.9473684210487675,10.526315789453346,0.010630693747074874,0.013200164914092991,1.2417030560893665,0.00418875332066403,0.004159150870523133,0.012805568826804576,0.012992431643912247,0.090091168686925,0.9656357894121578,0.4619985648659733,0.14202196012338425,6.799200550205359,0.01625231656868472,0.01363256088280594,1.204584491988412,1,1.5288105325352528,1,1.2823773506368814,1,,,,
rkhs,256,256,10000,79,20260919,eb234bbe468a47ce563c8fca03b3577a1806fe57e8b4840411a08f0e1957ca4b,0.05,0.999999999998068,0.999999999996136,0.0899999999998068,0.9473684210487675,10.526315789453346,0.010630693747074874,0.013200164914092991,1.2417030560893665,0.0037917930029608337,0.003799956599815578,0.012828621881888802,0.013015279391395634,0.0907964923526814,0.9643070446165576,0.4615467543288877,0.14270277116497565,6.757451426796349,0.0163027111028005,0.01365049261336965,1.2067530292102249,1,1.5335510071754566,1,1.2840641390055751,1,,,,
rkhs,256,256,10000,80,20260919,31374fddf689a9249c8f19182fe9257acf780ca6be1660c7fbe53a8c02274389,0.05,0.999999999998068,0.999999999996136,0.0899999999998068,0.9473684210487675,10.526315789453346,0.010630693747074874,0.013200164914092991,1.2417030560893665,0.003699449087772374,0.0037058461936182625,0.012801685679539964,0.01298855179735854,0.09000231706367633,0.9651195834131558,0.461977825438911,0.14193198356142522,6.799873849402465,0.016245954256100252,0.013646126678847417,1.2042192150500486,1,1.5282120473624277,1,1.2836534476032917,1,,,,
rkhs,256,256,10000,81,20260919,512218accdf06cb87a5f7b7a4466681074048e888e49d23d7cf55356fbe24a24,0.05,0.999999999998068,0.999999999996136,0.0899999999998068,0.9473684210487675,10.526315789453346,0.010630693747074874,0.013200164914092991,1.2417030560893665,0.004579381785124673,0.004641471892522778,0.012797987696344632,0.012984756440201502,0.09011435446679267,0.9622565367744568,0.4597848600623535,0.1419249282856093,6.780038914925606,0.016253976294255852,0.013655762228508752,1.2038713559842795,1,1.5289666583357526,1,1.2845598371476228,1,,,,
rkhs,256,256,10000,82,20260919,541b76ae5a0577a0236577f76a525e400b0660419dc3ff911c9d4846944fee45,0.05,0.999999999998068,0.999999999996136,0.0899999999998068,0.9473684210487675,10.526315789453346,0.010630693747074874,0.013200164914092991,1.2417030560893665,0.003798793460252816,0.003802717280655233,0.01282042275171862,0.013007190645380255,0.09050231657442907,0.965663140106002,0.4619598318084914,0.14243100704928122,6.779865986427253,0.01628171647385773,0.013645448649322262,1.2059817596801965,1,1.5315761004156274,1,1.283589667238502,1,,,,
rkhs,256,256,10000,83,20260919,109dda7ae144d9a318473a76d62000ca0d85c2175891de1a696087e8b2aec847,0.05,0.999999999998068,0.999999999996136,0.0899999999998068,0.9473684210487675,10.526315789453346,0.010630693747074874,0.013200164914092991,1.2417030560893665,0.004295680957045671,0.004299876921693074,0.012799881209077964,0.012986698531898908,0.09009346808721932,0.9636912378318971,0.46025394881115844,0.14192954039829098,6.789927136574461,0.016252481177969583,0.013650283188222308,1.2040494734974339,1,1.5288260168760472,1,1.2840444389603736,1,,,,
rkhs,256,256,10000,84,20260919,8d88ab5f1e3e674c514513f291c6f168331c15069dbd6a133d8ac3677a5927a5,0.05,0.999999999998068,0.999999999996136,0.0899999999998068,0.9473684210487675,10.526315789453346,0.010630693747074874,0.013200164914092991,1.2417030560893665,0.005641185747454491,0.005647171334375587,0.012796603351402236,0.012983473341434161,0.08997509118894005,0.9644335281255718,0.4603174847559663,0.14181461615584828,6.80066381215389,0.016244004090590354,0.013699480329665403,1.2037411344789544,1,1.5280286006790507,1,1.2886722781789224,1,,,,
rkhs,256,256,10000,85,20260919,e0a8878027ce1d3cfa835d441295b6d86c94dcc6592a8f5445e53f953a30e022,0.05,0.999999999998068,0.999999999996136,0.0899999999998068,0.9473684210487675,10.526315789453346,0.010630693747074874,0.013200164914092991,1.2417030560893665,0.004387257525159317,0.004391978942429592,0.012800417814074724,0.012987239059547,0.0900923440460569,0.9638658223589976,0.4604404122644803,0.14193854843520518,6.790726219093339,0.016252400710462953,0.01363355800998956,1.2040999504474361,1,1.528818447519941,1,1.282471147637091,1,,,,
rkhs,256,256,10000,86,20260919,7db0f9aabb6f0c16c71ceb01f83f1a964f80edaedddf88bd97306cc4cfca0730,0.05,0.999999999998068,0.999999999996136,0.0899999999998068,0.9473684210487675,10.526315789453346,0.010630693747074874,0.013200164914092991,1.2417030560893665,0.004365678726810979,0.004376632788263399,0.01282058220155562,0.01300733352441146,0.09058926490643048,0.9652957452370026,0.4606639735743638,0.14244761449828489,6.776496388773327,0.01628792531805044,0.013642085507771372,1.2059967586859806,1,1.5321601492407022,1,1.2832733058014307,1,,,,
rkhs,256,256,10000,87,20260919,40b92f9c6b97108833b6a7a8e38b624363a72c83483c012da887b575c00e96d4,0.05,0.999999999998068,0.999999999996136,0.0899999999998068,0.9473684210487675,10.526315789453346,0.010630693747074874,0.013200164914092991,1.2417030560893665,0.003985450760311253,0.004012322515191128,0.012789432828047592,0.012976268752088932,0.08988511830694813,0.9625336524677734,0.4594957443913033,0.14167997004100322,6.793717221913649,0.016237557312476204,0.013651613339932464,1.2030666231511666,1,1.5274221700671329,1,1.2841695626580176,1,,,,
rkhs,256,256,10000,88,20260919,c5b38d19bea90317afccbf3691b7de9604f0052e8f9000d9d02dcf26ab44ac72,0.05,0.999999999998068,0.999999999996136,0.0899999999998068,0.9473684210487675,10.526315789453346,0.010630693747074874,0.013200164914092991,1.2417030560893665,0.004106587408675302,0.004136638747087938,0.012799226959908042,0.012986051919657732,0.09006010677013493,0.9637714919345676,0.4604870274982961,0.141908843824025,6.79148294048325,0.016250092704770427,0.013653563891987753,1.2039879300849823,1,1.5286013397988987,1,1.284353045702652,1,,,,
rkhs,256,256,10000,89,20260919,6620de1607ea458368c31870c624c8d3061cd1cd8201d115fba9376f3fbbc051,0.05,0.999999999998068,0.999999999996136,0.0899999999998068,0.9473684210487675,10.526315789453346,0.010630693747074874,0.013200164914092991,1.2417030560893665,0.003875198530506614,0.0038800105153898503,0.012809399184936293,0.012996193490987988,0.09029128820072209,0.9646023680519169,0.4608889744840044,0.14216185822784064,6.785240289318415,0.016266634852996467,0.013643335633424564,1.204944803198842,1,1.5301574139949587,1,1.2833909016689191,1,,,,
rkhs,256,256,10000,90,20260919,fd50197b9eca99508304e07aadca36d91f8d620ee617ff58941f3116841ff005,0.05,0.999999999998068,0.999999999996136,0.0899999999998068,0.9473684210487675,10.526315789453346,0.010630693747074874,0.013200164914092991,1.2417030560893665,0.003810749266375736,0.0038397476252322914,0.012817692114858123,0.013004405599579681,0.0905385651853175,0.9639606155481955,0.4609446287761176,0.14241215749412406,6.768808453646021,0.01628430529273766,0.013649015510172897,1.2057248962124434,1,1.5318196234576342,1,1.2839251919874506,1,,,,
rkhs,256,256,10000,91,20260919,1763fe2f79e963048a0dd7079bf751ea84e2eef941f36f015f8ad7ba3ef27ee9,0.05,0.999999999998068,0.999999999996136,0.0899999999998068,0.9473684210487675,10.526315789453346,0.010630693747074874,0.013200164914092991,1.2417030560893665,0.0044707100855841545,0.004437905158969509,0.012821197482188578,0.013007920574031818,0.09059475223667368,0.9647226442879996,0.4612268067675619,0.14248366528941692,6.7707595977997,0.016288317059729756,0.01361560969462639,1.2060546364357867,1,1.532196999298529,1,1.2807827991821175,1,,,,
rkhs,256,256,10000,92,20260919,37f30aad91674d59afa0d2fbc731d7a835f82b88d825e234eaf9c4bfda613d26,0.05,0.999999999998068,0.999999999996136,0.0899999999998068,0.9473684210487675,10.526315789453346,0.010630693747074874,0.013200164914092991,1.2417030560893665,0.004344656528548296,0.004347112231800479,0.012799324356938048,0.012986190935971854,0.08998857448674068,0.9647691998835028,0.461245319304594,0.14187849250661613,6.7999679362149505,0.01624496992424968,0.013624625042781516,1.2039970919545953,1,1.5281194539838592,1,1.2816308480836867,1,,,,
rkhs,256,256,10000,93,20260919,cecde0ae4a10cbba9c4906faf901d00c115a1b483b68f01199f4be7a44bf32ae,0.05,0.999999999998068,0.999999999996136,0.0899999999998068,0.9473684210487675,10.526315789453346,0.010630693747074874,0.013200164914092991,1.2417030560893665,0.003495617232787057,0.003505675955540021,0.012794624848235651,0.012981492631730186,0.08990044388300515,0.9640788086783223,0.4609042058064142,0.14177184105847768,6.8002136494839025,0.016238655655577916,0.01363070827265336,1.2035550221504783,1,1.52752548816921,1,1.2822030807165303,1,,,,
rkhs,256,256,10000,94,20260919,7834e76d4521cda9c9bca8b9b8b9a061c565a0e75a2198de1ccb15c57d47fed1,0.05,0.999999999998068,0.999999999996136,0.0899999999998068,0.9473684210487675,10.526315789453346,0.010630693747074874,0.013200164914092991,1.2417030560893665,0.003521591145995069,0.0035403108472760393,0.012814940675241502,0.013001717488643634,0.09040609260218846,0.9650360307854394,0.4613266897451818,0.14230042763910725,6.781680468542925,0.016274841792965115,0.013631161846588235,1.2054660758868763,1,1.530929418171159,1,1.2822457471638635,1,,,,
rkhs,256,256,10000,95,20260919,1a08781aef992762636695b2060b2240e52922edeb069874d89fe250ae32344b,0.05,0.999999999998068,0.999999999996136,0.0899999999998068,0.9473684210487675,10.526315789453346,0.010630693747074874,0.013200164914092991,1.2417030560893665,0.003950163423416082,0.0039668157772741654,0.012771262270367251,0.012958214952410504,0.08933629746427364,0.9625083906685559,0.46041028008262014,0.1411808646655661,6.817555572765315,0.01619816288634996,0.013647979026524095,1.2013573689752255,1,1.5237164452044367,1,1.2838276928332595,1,,,,
rkhs,256,256,10000,96,20260919,94aa366664b1ce6bf1f91b929803ca32577b0829b3f14212417266dc71e87a9a,0.05,0.999999999998068,0.999999999996136,0.0899999999998068,0.9473684210487675,10.526315789453346,0.010630693747074874,0.013200164914092991,1.2417030560893665,0.003923458640988033,0.003916443703018389,0.012788738791554467,0.012975642202351699,0.08972691796178049,0.9640196063387959,0.4611506561128991,0.14161169690627448,6.8074857331653265,0.016226214039711646,0.013639448367016934,1.2030013370551096,1,1.5263551397270219,1,1.2830252372541486,1,,,,
rkhs,256,256,10000,97,20260919,52b66b7d17880cf3e0cf0c0718af33af51bd1891aacd08146a3b70794ef43c24,0.05,0.999999999998068,0.999999999996136,0.0899999999998068,0.9473684210487675,10.526315789453346,0.010630693747074874,0.013200164914092991,1.2417030560893665,0.004173047104911809,0.004187975841871212,0.012808781730903737,0.012995587966138906,0.09020880903227464,0.9647897980763616,0.46198020119766975,0.14213860439614623,6.787668995169335,0.01626073550263217,0.013656780111601692,1.2048867210033383,1,1.5296024783995352,1,1.2846555865988962,1,,,,
rkhs,256,256,10000,98,20260919,4b89f34d45eec10a125ac2bb785dd35ca0bc5c14174ade02c4a5c9d0fab9003c,0.05,0.999999999998068,0.999999999996136,0.0899999999998068,0.9473684210487675,10.526315789453346,0.010630693747074874,0.013200164914092991,1.2417030560893665,0.00424151054080524,0.004308954474279804,0.012820284430825413,0.013007014529753532,0.09056529638711736,0.9647487295829651,0.46128868398775014,0.14245756841280283,6.7721830460238435,0.01628621406121961,0.013671091423919002,1.2059687482157995,1,1.531999176036926,1,1.2860018122223416,1,,,,
rkhs,256,256,10000,99,20260919,3c70e0f83f350d5a2c9c1fa2b89f50e338981772008f404775384106f24d310a,0.05,0.999999999998068,0.999999999996136,0.0899999999998068,0.9473684210487675,10.526315789453346,0.010630693747074874,0.013200164914092991,1.2417030560893665,0.0038380200765018605,0.0038397455942010884,0.012820256440225528,0.013006992435328926,0.09058007879984949,0.9648837510416175,0.4609194926959644,0.14245230612754908,6.773381051323093,0.01628726949338042,0.013632749750671927,1.2059661152173753,1,1.5320984576253078,1,1.282395116915403,1,,,,
